"Molecule ChEMBL ID";"Molecule Name";"Molecule Max Phase";"Molecular Weight";"#RO5 Violations";"AlogP";"Compound Key";"Smiles";"Standard Type";"Standard Relation";"Standard Value";"Standard Units";"pChEMBL Value";"Data Validity Comment";"Comment";"Uo Units";"Ligand Efficiency BEI";"Ligand Efficiency LE";"Ligand Efficiency LLE";"Ligand Efficiency SEI";"Potential Duplicate";"Assay ChEMBL ID";"Assay Description";"Assay Type";"BAO Format ID";"BAO Label";"Assay Organism";"Assay Tissue ChEMBL ID";"Assay Tissue Name";"Assay Cell Type";"Assay Subcellular Fraction";"Assay Parameters";"Assay Variant Accession";"Assay Variant Mutation";"Target ChEMBL ID";"Target Name";"Target Organism";"Target Type";"Document ChEMBL ID";"Source ID";"Source Description";"Document Journal";"Document Year";"Cell ChEMBL ID";"Properties";"Action Type";"Standard Text Value";"Value"
"CHEMBL5567071";"";"None";"340.34";"0";"0.41";"3h";"OC[C@@H](O)[C@@H](O)[C@@H](O)c1nc2c3cccnc3c3ncccc3c2[nH]1";"Delta Tm";"'='";"0.5";"degrees C";"";"";"";"UO_0000027";"";"";"";"";"0";"CHEMBL5524149";"Thermal stabilization of FAM/TAMRA-labeled human telomeric quadruplex DNA F21T assessed as change in melting temperature at 8 uM by FRET assay";"B";"BAO_0000225";"nucleic acid format";"Homo sapiens";"None";"None";"None";"None";"";"";"";"CHEMBL5209894";"Quadruplex DNA";"";"NUCLEIC-ACID";"CHEMBL5523683";"1";"Scientific Literature";"Bioorg Med Chem";"2024";"None";"DOSE = 8.0 microM";"STABILISER";"";"0.5"
"CHEMBL5542928";"";"None";"579.75";"1";"2.36";"10";"CN(C)CCCNc1cc2c3c(c(N(C)C)cc4c3c1C(=O)N(CCCN(C)C)C4=O)C(=O)N(CCCN(C)C)C2=O";"Delta Tm";"'='";"3.6";"degrees C";"";"";"";"UO_0000027";"";"";"";"";"0";"CHEMBL5505348";"Stabilization of Trypanosoma brucei ERB1 G4 DNA assessed as change in melting temperature at 1 uM by FRET assay";"B";"BAO_0000225";"nucleic acid format";"Trypanosoma brucei";"None";"None";"None";"None";"";"";"";"CHEMBL5209894";"Quadruplex DNA";"";"NUCLEIC-ACID";"CHEMBL5500418";"1";"Scientific Literature";"J Med Chem";"2024";"None";"DOSE = 1.0 microM";"STABILISER";"";"3.6"
"CHEMBL5557014";"";"None";"442.42";"0";"0.05";"11";"O=C1c2ccc3c4c(ccc(c24)C(=O)N1CCOCCO)C(=O)N(CCOCCO)C3=O";"Delta Tm";"'='";"1.3";"degrees C";"";"";"";"UO_0000027";"";"";"";"";"0";"CHEMBL5505348";"Stabilization of Trypanosoma brucei ERB1 G4 DNA assessed as change in melting temperature at 1 uM by FRET assay";"B";"BAO_0000225";"nucleic acid format";"Trypanosoma brucei";"None";"None";"None";"None";"";"";"";"CHEMBL5209894";"Quadruplex DNA";"";"NUCLEIC-ACID";"CHEMBL5500418";"1";"Scientific Literature";"J Med Chem";"2024";"None";"DOSE = 1.0 microM";"STABILISER";"";"1.3"
"CHEMBL5542708";"";"None";"546.54";"1";"0.61";"15";"O=c1c2ccc3c(=O)n(CCOCCO)c(=O)c4c5[nH]c6ccccc6[nH]c5c(c(=O)n1CCOCCO)c2c34";"Delta Tm";"'='";"2.1";"degrees C";"";"";"";"UO_0000027";"";"";"";"";"0";"CHEMBL5505348";"Stabilization of Trypanosoma brucei ERB1 G4 DNA assessed as change in melting temperature at 1 uM by FRET assay";"B";"BAO_0000225";"nucleic acid format";"Trypanosoma brucei";"None";"None";"None";"None";"";"";"";"CHEMBL5209894";"Quadruplex DNA";"";"NUCLEIC-ACID";"CHEMBL5500418";"1";"Scientific Literature";"J Med Chem";"2024";"None";"DOSE = 1.0 microM";"STABILISER";"";"2.1"
"CHEMBL5175352";"";"None";"614.71";"1";"3.94";"10";"CN1CCN(c2ccccc2N2C(=O)c3ccc4c5c(ccc(c35)C2=O)C(=O)N(c2ccccc2N2CCN(C)CC2)C4=O)CC1";"Delta Tm";"'='";"11.0";"degrees C";"";"";"";"UO_0000027";"";"";"";"";"0";"CHEMBL5110054";"Binding affinity to Trypanosoma brucei G-quadruplex telomeric DNA FEBR1T (5'-duplex GGG TTAGGG TTAGGG TTAGGG-3') assessed as stabilization by measuring change in melting temperature at 10 uM in potassium buffer by FRET melting assay";"B";"BAO_0000225";"nucleic acid format";"Trypanosoma brucei";"None";"None";"None";"None";"";"";"";"CHEMBL5209894";"Quadruplex DNA";"";"NUCLEIC-ACID";"CHEMBL5108010";"1";"Scientific Literature";"Bioorg Med Chem";"2022";"None";"Dose = 10.0 microM";"STABILISER";"";"11.0"
"CHEMBL5272398";"";"None";"1024.61";"3";"12.63";"3";"Cl.N=C(N)Nc1ccc(S(=O)(=O)c2ccc(NC(=N)NC(=O)Nc3ccc(-c4c5nc(c(-c6ccccc6)c6ccc([nH]6)c(-c6ccccc6)c6nc(c(-c7ccccc7)c7ccc4[nH]7)C=C6)C=C5)cc3)cc2)cc1";"Delta Tm";"'='";"-1.49";"degrees C";"";"";"";"UO_0000027";"";"";"";"";"0";"CHEMBL5224615";"Binding affinity to c-KIT2 G4 quadruplex DNA (unknown origin) assessed as change in melting temperature at 1:2 G4:ligand ratio by UV analysis (Rvb = 59.1 degreeC)";"B";"BAO_0000225";"nucleic acid format";"Not specified";"None";"None";"None";"None";"";"";"";"CHEMBL5209894";"Quadruplex DNA";"";"NUCLEIC-ACID";"CHEMBL5223108";"1";"Scientific Literature";"Bioorg Med Chem Lett";"2022";"None";"";"BINDING AGENT";"";"-1.49"
"CHEMBL5272398";"";"None";"1024.61";"3";"12.63";"3";"Cl.N=C(N)Nc1ccc(S(=O)(=O)c2ccc(NC(=N)NC(=O)Nc3ccc(-c4c5nc(c(-c6ccccc6)c6ccc([nH]6)c(-c6ccccc6)c6nc(c(-c7ccccc7)c7ccc4[nH]7)C=C6)C=C5)cc3)cc2)cc1";"Delta Tm";"'='";"2.42";"degrees C";"";"";"";"UO_0000027";"";"";"";"";"0";"CHEMBL5224619";"Binding affinity to 23TA G4 quadruplex DNA (unknown origin) assessed as change in melting temperature at 1:2 G4:ligand ratio by UV analysis (Rvb = 59.5 degreeC)";"B";"BAO_0000225";"nucleic acid format";"Not specified";"None";"None";"None";"None";"";"";"";"CHEMBL5209894";"Quadruplex DNA";"";"NUCLEIC-ACID";"CHEMBL5223108";"1";"Scientific Literature";"Bioorg Med Chem Lett";"2022";"None";"";"BINDING AGENT";"";"2.42"
"CHEMBL5288584";"";"None";"580.73";"2";"7.66";"NMM";"CCC1=C(C)c2cc3c(C)c(CCC(=O)O)c(cc4nc(cc5[nH]c(cc1n2)c(C)c5CC)C(C)=C4CCC(=O)O)n3C";"deltaH";"";"";"";"";"";"Not Determined";"";"";"";"";"";"0";"CHEMBL5243814";"Stabilization and preservation of G-quadruplex homo-purine guanine-rich GA5 (GGAGGGAAAAGGGGAGGGGAGGG) DNA (unknown origin) parallel structure conformation assessed as increase in enthalpy change associated with melting transition at 2 equivalents in 100K buffer by UV-Visible melting analysis";"B";"BAO_0000225";"nucleic acid format";"Not specified";"None";"None";"None";"None";"";"";"";"CHEMBL5209894";"Quadruplex DNA";"";"NUCLEIC-ACID";"CHEMBL5241123";"1";"Scientific Literature";"Bioorg Med Chem";"2023";"None";"DOSE = 2.0 equiv";"";"";""
"CHEMBL5288584";"";"None";"580.73";"2";"7.66";"NMM";"CCC1=C(C)c2cc3c(C)c(CCC(=O)O)c(cc4nc(cc5[nH]c(cc1n2)c(C)c5CC)C(C)=C4CCC(=O)O)n3C";"Ka";"'='";"0.24";"/uM";"";"";"";"";"";"";"";"";"0";"CHEMBL5243823";"Binding affinity to G-quadruplex homo-purine guanine-rich GA3 (AGGGAAAAGGGGAGGGAAAAGGGGA) DNA (unknown origin) at DNA:compound concentration ratio of 1:1 in 5K buffer by UV-Vis titration based analysis";"B";"BAO_0000225";"nucleic acid format";"Not specified";"None";"None";"None";"None";"";"";"";"CHEMBL5209894";"Quadruplex DNA";"";"NUCLEIC-ACID";"CHEMBL5241123";"1";"Scientific Literature";"Bioorg Med Chem";"2023";"None";"";"STABILISER";"";"0.24"
"CHEMBL5557605";"";"None";"1232.98";"None";"None";"19";"CN(C)CCCN1C(=O)c2cc(NCCOCCOCCNc3cc4c5c(c(Br)cc6c5c3C(=O)N(CCCCCC(=O)O)C6=O)C(=O)N(CCCCCC(=O)O)C4=O)c3c4c(cc(Br)c(c24)C1=O)C(=O)N(CCCN(C)C)C3=O";"Delta Tm";"'='";"5.2";"degrees C";"";"";"";"UO_0000027";"";"";"";"";"0";"CHEMBL5505351";"Stabilization of Trypanosoma brucei ERB1 G4 DNA assessed as change in melting temperature at 265 nm wavelength at 5 uM by CD spectroscopy";"B";"BAO_0000225";"nucleic acid format";"Trypanosoma brucei";"None";"None";"None";"None";"";"";"";"CHEMBL5209894";"Quadruplex DNA";"";"NUCLEIC-ACID";"CHEMBL5500418";"1";"Scientific Literature";"J Med Chem";"2024";"None";"DOSE = 5.0 microM";"STABILISER";"";"5.2"
"CHEMBL5542928";"";"None";"579.75";"1";"2.36";"10";"CN(C)CCCNc1cc2c3c(c(N(C)C)cc4c3c1C(=O)N(CCCN(C)C)C4=O)C(=O)N(CCCN(C)C)C2=O";"Delta Tm";"'='";"2.7";"degrees C";"";"";"";"UO_0000027";"";"";"";"";"0";"CHEMBL5505352";"Stabilization of Trypanosoma brucei ERB1 G4 DNA assessed as change in melting temperature at 292 nm wavelength at 5 uM by CD spectroscopy";"B";"BAO_0000225";"nucleic acid format";"Trypanosoma brucei";"None";"None";"None";"None";"";"";"";"CHEMBL5209894";"Quadruplex DNA";"";"NUCLEIC-ACID";"CHEMBL5500418";"1";"Scientific Literature";"J Med Chem";"2024";"None";"DOSE = 5.0 microM";"STABILISER";"";"2.7"
"CHEMBL5557605";"";"None";"1232.98";"None";"None";"19";"CN(C)CCCN1C(=O)c2cc(NCCOCCOCCNc3cc4c5c(c(Br)cc6c5c3C(=O)N(CCCCCC(=O)O)C6=O)C(=O)N(CCCCCC(=O)O)C4=O)c3c4c(cc(Br)c(c24)C1=O)C(=O)N(CCCN(C)C)C3=O";"Delta Tm";"'='";"3.2";"degrees C";"";"";"";"UO_0000027";"";"";"";"";"0";"CHEMBL5505352";"Stabilization of Trypanosoma brucei ERB1 G4 DNA assessed as change in melting temperature at 292 nm wavelength at 5 uM by CD spectroscopy";"B";"BAO_0000225";"nucleic acid format";"Trypanosoma brucei";"None";"None";"None";"None";"";"";"";"CHEMBL5209894";"Quadruplex DNA";"";"NUCLEIC-ACID";"CHEMBL5500418";"1";"Scientific Literature";"J Med Chem";"2024";"None";"DOSE = 5.0 microM";"STABILISER";"";"3.2"
"CHEMBL5505832";"";"None";"625.73";"1";"2.63";"16";"CCCNC(=O)c1ccc2[nH]c3c([nH]c2c1)c1c(=O)n(CCCN(C)C)c(=O)c2ccc4c(=O)n(CCCN(C)C)c(=O)c3c4c21";"Delta Tm";"'>'";"30.0";"degrees C";"";"";"";"UO_0000027";"";"";"";"";"0";"CHEMBL5505348";"Stabilization of Trypanosoma brucei ERB1 G4 DNA assessed as change in melting temperature at 1 uM by FRET assay";"B";"BAO_0000225";"nucleic acid format";"Trypanosoma brucei";"None";"None";"None";"None";"";"";"";"CHEMBL5209894";"Quadruplex DNA";"";"NUCLEIC-ACID";"CHEMBL5500418";"1";"Scientific Literature";"J Med Chem";"2024";"None";"DOSE = 1.0 microM";"";"";"30.0"
"CHEMBL5288584";"";"None";"580.73";"2";"7.66";"NMM";"CCC1=C(C)c2cc3c(C)c(CCC(=O)O)c(cc4nc(cc5[nH]c(cc1n2)c(C)c5CC)C(C)=C4CCC(=O)O)n3C";"Activity";"";"";"";"";"";"";"";"";"";"";"";"0";"CHEMBL5243802";"Stabilization and preservation of G-quadruplex homo-purine guanine-rich GA1 (GAGGGAGGGAGGGAAAAGGGGA) DNA (unknown origin) parallel structure conformation assessed as increased homogeneity at 2 equivalents in 100K buffer by native PAGE analysis";"B";"BAO_0000225";"nucleic acid format";"Not specified";"None";"None";"None";"None";"";"";"";"CHEMBL5209894";"Quadruplex DNA";"";"NUCLEIC-ACID";"CHEMBL5241123";"1";"Scientific Literature";"Bioorg Med Chem";"2023";"None";"DOSE = 2.0 equiv";"STABILISER";"Active";""
"CHEMBL5288584";"";"None";"580.73";"2";"7.66";"NMM";"CCC1=C(C)c2cc3c(C)c(CCC(=O)O)c(cc4nc(cc5[nH]c(cc1n2)c(C)c5CC)C(C)=C4CCC(=O)O)n3C";"Activity";"";"";"";"";"";"";"";"";"";"";"";"0";"CHEMBL5243803";"Stabilization and preservation of G-quadruplex homo-purine guanine-rich GA2 (GAGGGAGGGAAAAGGGGAGGGA) DNA (unknown origin) parallel structure conformation assessed as elimination of higher order species at 2 equivalents in 100K buffer by native PAGE analysis";"B";"BAO_0000225";"nucleic acid format";"Not specified";"None";"None";"None";"None";"";"";"";"CHEMBL5209894";"Quadruplex DNA";"";"NUCLEIC-ACID";"CHEMBL5241123";"1";"Scientific Literature";"Bioorg Med Chem";"2023";"None";"DOSE = 2.0 equiv";"STABILISER";"Active";""
"CHEMBL5288584";"";"None";"580.73";"2";"7.66";"NMM";"CCC1=C(C)c2cc3c(C)c(CCC(=O)O)c(cc4nc(cc5[nH]c(cc1n2)c(C)c5CC)C(C)=C4CCC(=O)O)n3C";"Ka";"'='";"0.8";"/uM";"";"";"";"";"";"";"";"";"0";"CHEMBL5243826";"Binding affinity to G-quadruplex homo-purine guanine-rich GA1 (GAGGGAGGGAGGGAAAAGGGGA) DNA (unknown origin) at DNA:compound concentration ratio of 2:1 in 5K buffer by UV-Vis titration based analysis";"B";"BAO_0000225";"nucleic acid format";"Not specified";"None";"None";"None";"None";"";"";"";"CHEMBL5209894";"Quadruplex DNA";"";"NUCLEIC-ACID";"CHEMBL5241123";"1";"Scientific Literature";"Bioorg Med Chem";"2023";"None";"";"STABILISER";"";"0.8"
"CHEMBL337559";"TMPYP4 CHLORIDE";"None";"820.66";"2";"6.62";"TMPyP4";"C[n+]1ccc(-c2c3nc(c(-c4cc[n+](C)cc4)c4ccc([nH]4)c(-c4cc[n+](C)cc4)c4nc(c(-c5cc[n+](C)cc5)c5ccc2[nH]5)C=C4)C=C3)cc1.[Cl-].[Cl-].[Cl-].[Cl-]";"Delta Tm";"'='";"28.0";"degrees C";"";"";"";"UO_0000027";"";"";"";"";"0";"CHEMBL5110075";"Binding affinity to Trypanosoma brucei G-quadruplex telomeric DNA FEBR1T (5'-duplex GGG TTAGGG TTAGGG TTAGGG-3') assessed as stabilization by measuring change in melting temperature at 1 uM in potassium buffer by FRET melting assay";"B";"BAO_0000225";"nucleic acid format";"Trypanosoma brucei";"None";"None";"None";"None";"";"";"";"CHEMBL5209894";"Quadruplex DNA";"";"NUCLEIC-ACID";"CHEMBL5108010";"1";"Scientific Literature";"Bioorg Med Chem";"2022";"None";"Dose = 1.0 microM";"STABILISER";"";"28.0"
"CHEMBL5612878";"";"None";"798.60";"2";"8.81";"L3";"Cc1sc(-c2cccc3cc[n+](C)cc23)cc1C1=C(c2cc(-c3cccc4cc[n+](C)cc34)sc2C)CCC1.[I-].[I-]";"Delta Tm";"'='";"17.0";"degrees C";"";"";"";"UO_0000027";"";"";"";"";"0";"CHEMBL5609041";"Stabilization of Trypanosoma cruzi G-quadruplex TCr DNA (FAM-5'-GGGAGGGACGGATGGGCAGAAACGGG-3'-TAMRA) assessed as change in apparent melting temperature at 5 uM by FRET melting analysis";"B";"BAO_0000225";"nucleic acid format";"Trypanosoma cruzi";"None";"None";"None";"None";"";"";"";"CHEMBL5209894";"Quadruplex DNA";"";"NUCLEIC-ACID";"CHEMBL5608180";"1";"Scientific Literature";"Eur J Med Chem";"2024";"None";"DOSE = 5.0 microM";"STABILISER";"";"17.0"
"CHEMBL5542928";"";"None";"579.75";"1";"2.36";"10";"CN(C)CCCNc1cc2c3c(c(N(C)C)cc4c3c1C(=O)N(CCCN(C)C)C4=O)C(=O)N(CCCN(C)C)C2=O";"Delta Tm";"'='";"2.4";"degrees C";"";"";"";"UO_0000027";"";"";"";"";"0";"CHEMBL5505351";"Stabilization of Trypanosoma brucei ERB1 G4 DNA assessed as change in melting temperature at 265 nm wavelength at 5 uM by CD spectroscopy";"B";"BAO_0000225";"nucleic acid format";"Trypanosoma brucei";"None";"None";"None";"None";"";"";"";"CHEMBL5209894";"Quadruplex DNA";"";"NUCLEIC-ACID";"CHEMBL5500418";"1";"Scientific Literature";"J Med Chem";"2024";"None";"DOSE = 5.0 microM";"STABILISER";"";"2.4"
"CHEMBL5612878";"";"None";"798.60";"2";"8.81";"L3";"Cc1sc(-c2cccc3cc[n+](C)cc23)cc1C1=C(c2cc(-c3cccc4cc[n+](C)cc34)sc2C)CCC1.[I-].[I-]";"Activity";"";"";"";"";"";"";"";"";"";"";"";"0";"CHEMBL5609047";"Stabilization of Trypanosoma cruzi G-quadruplex RCr DNA (FAM-5'-GGGGACGGGAATGGGGGTGCATGAGGGG-3'-TAMRA) at 5 uM in presence of 1 to 10 uM double stranded ds26 DNA by FRET melting analysis";"B";"BAO_0000225";"nucleic acid format";"Trypanosoma cruzi";"None";"None";"None";"None";"";"";"";"CHEMBL5209894";"Quadruplex DNA";"";"NUCLEIC-ACID";"CHEMBL5608180";"1";"Scientific Literature";"Eur J Med Chem";"2024";"None";"DOSE = 5.0 microM";"STABILISER";"Active";""
"CHEMBL5613617";"";"None";"514.72";"2";"8.97";"L4";"C[C@]12SC(c3ccc4cccnc4c3)=CC1=C1CCCC1=C1C=C(c3ccc4cccnc4c3)S[C@@]12C";"Delta Tm";"'='";"3.81";"degrees C";"";"";"";"UO_0000027";"";"";"";"";"0";"CHEMBL5609051";"Binding affinity to Trypanosoma cruzi G-quadruplex RCr DNA (FAM-5'-GGGGACGGGAATGGGGGTGCATGAGGGG-3'-TAMRA) assessed as increase in melting temperature at DNA:compound concentration ratio of 1:2 by CD melting assay";"B";"BAO_0000225";"nucleic acid format";"Trypanosoma cruzi";"None";"None";"None";"None";"";"";"";"CHEMBL5209894";"Quadruplex DNA";"";"NUCLEIC-ACID";"CHEMBL5608180";"1";"Scientific Literature";"Eur J Med Chem";"2024";"None";"";"STABILISER";"";"3.81"
"CHEMBL257367";"";"None";"536.68";"1";"2.30";"6";"CN(C)CCCNc1cc2c3c(ccc4c3c1C(=O)N(CCCN(C)C)C4=O)C(=O)N(CCCN(C)C)C2=O";"Delta Tm";"'='";"19.0";"degrees C";"";"";"";"UO_0000027";"";"";"";"";"0";"CHEMBL5505348";"Stabilization of Trypanosoma brucei ERB1 G4 DNA assessed as change in melting temperature at 1 uM by FRET assay";"B";"BAO_0000225";"nucleic acid format";"Trypanosoma brucei";"None";"None";"None";"None";"";"";"";"CHEMBL5209894";"Quadruplex DNA";"";"NUCLEIC-ACID";"CHEMBL5500418";"1";"Scientific Literature";"J Med Chem";"2024";"None";"DOSE = 1.0 microM";"STABILISER";"";"19.0"
"CHEMBL4597995";"";"None";"999.23";"3";"5.66";"17";"CN(C)CCCN1C(=O)c2ccc3c4c(c(NCCCCCCCNc5cc6c7c(ccc8c7c5C(=O)N(CCCN(C)C)C8=O)C(=O)N(CCCN(C)C)C6=O)cc(c24)C1=O)C(=O)N(CCCN(C)C)C3=O";"Delta Tm";"'='";"15.0";"degrees C";"";"";"";"UO_0000027";"";"";"";"";"0";"CHEMBL5505348";"Stabilization of Trypanosoma brucei ERB1 G4 DNA assessed as change in melting temperature at 1 uM by FRET assay";"B";"BAO_0000225";"nucleic acid format";"Trypanosoma brucei";"None";"None";"None";"None";"";"";"";"CHEMBL5209894";"Quadruplex DNA";"";"NUCLEIC-ACID";"CHEMBL5500418";"1";"Scientific Literature";"J Med Chem";"2024";"None";"DOSE = 1.0 microM";"STABILISER";"";"15.0"
"CHEMBL5396149";"";"None";"325.38";"0";"4.15";"MC-3";"Nc1ccc(-n2cc(-c3ccc4[nH]c5ccccc5c4c3)nn2)cc1";"Delta Tm";"'<='";"5.5";"degrees C";"";"";"";"UO_0000027";"";"";"";"";"0";"CHEMBL5346257";"Stabilization of calf thymus G-quadruplex ds DNA 5-FAM-CAATCGGATCGAATTCGATCCGATTG-TAMRA-3 assessed as change in melting temperature at 1 uM incubated for 1 hr in dark condition by FRET-based melting assay";"B";"BAO_0000225";"nucleic acid format";"Bos taurus";"None";"None";"None";"None";"";"";"";"CHEMBL5209894";"Quadruplex DNA";"";"NUCLEIC-ACID";"CHEMBL5344453";"1";"Scientific Literature";"ACS Med Chem Lett";"2024";"None";"DOSE = 1.0 microM | TIME = 1.0 hr";"STABILISER";"";"5.5"
"CHEMBL5421838";"";"None";"572.68";"2";"4.27";"MD-14";"Nc1nc(CC(=O)Nc2nc(CC(=O)NCCCn3cc(-c4ccc5oc6ccccc6c5c4)nn3)cs2)cs1";"Delta Tm";"'<='";"6.0";"degrees C";"";"";"";"UO_0000027";"";"";"";"";"0";"CHEMBL5346257";"Stabilization of calf thymus G-quadruplex ds DNA 5-FAM-CAATCGGATCGAATTCGATCCGATTG-TAMRA-3 assessed as change in melting temperature at 1 uM incubated for 1 hr in dark condition by FRET-based melting assay";"B";"BAO_0000225";"nucleic acid format";"Bos taurus";"None";"None";"None";"None";"";"";"";"CHEMBL5209894";"Quadruplex DNA";"";"NUCLEIC-ACID";"CHEMBL5344453";"1";"Scientific Literature";"ACS Med Chem Lett";"2024";"None";"DOSE = 1.0 microM | TIME = 1.0 hr";"STABILISER";"";"6.0"
"CHEMBL5272398";"";"None";"1024.61";"3";"12.63";"3";"Cl.N=C(N)Nc1ccc(S(=O)(=O)c2ccc(NC(=N)NC(=O)Nc3ccc(-c4c5nc(c(-c6ccccc6)c6ccc([nH]6)c(-c6ccccc6)c6nc(c(-c7ccccc7)c7ccc4[nH]7)C=C6)C=C5)cc3)cc2)cc1";"Delta Tm";"'='";"2.91";"degrees C";"";"";"";"UO_0000027";"";"";"";"";"0";"CHEMBL5224617";"Binding affinity to KRAS G4 quadruplex DNA (unknown origin) assessed as change in melting temperature at 1:2 G4:ligand ratio by UV analysis (Rvb = 48.7 degreeC)";"B";"BAO_0000225";"nucleic acid format";"Not specified";"None";"None";"None";"None";"";"";"";"CHEMBL5209894";"Quadruplex DNA";"";"NUCLEIC-ACID";"CHEMBL5223108";"1";"Scientific Literature";"Bioorg Med Chem Lett";"2022";"None";"";"BINDING AGENT";"";"2.91"
"CHEMBL5430005";"";"None";"438.54";"0";"4.25";"MC-4";"CN(C)CCCNC(=O)c1ccc(-n2cc(-c3ccc4[nH]c5ccccc5c4c3)nn2)cc1";"Delta Tm";"'='";"0.7";"degrees C";"";"";"";"UO_0000027";"";"";"";"";"0";"CHEMBL5346257";"Stabilization of calf thymus G-quadruplex ds DNA 5-FAM-CAATCGGATCGAATTCGATCCGATTG-TAMRA-3 assessed as change in melting temperature at 1 uM incubated for 1 hr in dark condition by FRET-based melting assay";"B";"BAO_0000225";"nucleic acid format";"Bos taurus";"None";"None";"None";"None";"";"";"";"CHEMBL5209894";"Quadruplex DNA";"";"NUCLEIC-ACID";"CHEMBL5344453";"1";"Scientific Literature";"ACS Med Chem Lett";"2024";"None";"DOSE = 1.0 microM | TIME = 1.0 hr";"STABILISER";"";"0.7"
"CHEMBL5413727";"";"None";"571.69";"1";"4.01";"MC-7";"Nc1nc(CC(=O)Nc2nc(CC(=O)NCCCn3cc(-c4ccc5[nH]c6ccccc6c5c4)nn3)cs2)cs1";"Delta Tm";"'<='";"5.5";"degrees C";"";"";"";"UO_0000027";"";"";"";"";"0";"CHEMBL5346257";"Stabilization of calf thymus G-quadruplex ds DNA 5-FAM-CAATCGGATCGAATTCGATCCGATTG-TAMRA-3 assessed as change in melting temperature at 1 uM incubated for 1 hr in dark condition by FRET-based melting assay";"B";"BAO_0000225";"nucleic acid format";"Bos taurus";"None";"None";"None";"None";"";"";"";"CHEMBL5209894";"Quadruplex DNA";"";"NUCLEIC-ACID";"CHEMBL5344453";"1";"Scientific Literature";"ACS Med Chem Lett";"2024";"None";"DOSE = 1.0 microM | TIME = 1.0 hr";"STABILISER";"";"5.5"
"CHEMBL5565742";"";"None";"354.37";"0";"0.28";"3d";"OC[C@@H](O)[C@@H](O)[C@H](O)Cc1nc2c3cccnc3c3ncccc3c2[nH]1";"Delta Tm";"'='";"2.0";"degrees C";"";"";"";"UO_0000027";"";"";"";"";"0";"CHEMBL5524149";"Thermal stabilization of FAM/TAMRA-labeled human telomeric quadruplex DNA F21T assessed as change in melting temperature at 8 uM by FRET assay";"B";"BAO_0000225";"nucleic acid format";"Homo sapiens";"None";"None";"None";"None";"";"";"";"CHEMBL5209894";"Quadruplex DNA";"";"NUCLEIC-ACID";"CHEMBL5523683";"1";"Scientific Literature";"Bioorg Med Chem";"2024";"None";"DOSE = 8.0 microM";"STABILISER";"";"2.0"
"CHEMBL5288584";"";"None";"580.73";"2";"7.66";"NMM";"CCC1=C(C)c2cc3c(C)c(CCC(=O)O)c(cc4nc(cc5[nH]c(cc1n2)c(C)c5CC)C(C)=C4CCC(=O)O)n3C";"deltaTm";"";"";"";"";"";"Not Determined";"";"";"";"";"";"0";"CHEMBL5243808";"Stabilization and preservation of G-quadruplex homo-purine guanine-rich GA4 (AGGGGAGGGAAAAGGGGAGGGGA) DNA (unknown origin) parallel structure conformation assessed as increase in melting temperature at 2 equivalents in 100K buffer by UV-Visible melting analysis";"B";"BAO_0000225";"nucleic acid format";"Not specified";"None";"None";"None";"None";"";"";"";"CHEMBL5209894";"Quadruplex DNA";"";"NUCLEIC-ACID";"CHEMBL5241123";"1";"Scientific Literature";"Bioorg Med Chem";"2023";"None";"DOSE = 2.0 equiv";"";"";""
"CHEMBL5288584";"";"None";"580.73";"2";"7.66";"NMM";"CCC1=C(C)c2cc3c(C)c(CCC(=O)O)c(cc4nc(cc5[nH]c(cc1n2)c(C)c5CC)C(C)=C4CCC(=O)O)n3C";"Activity";"'='";"21.4";"nm";"";"";"";"UO_0000018";"";"";"";"";"0";"CHEMBL5243817";"Binding affinity to G-quadruplex homo-purine guanine-rich GA3 (AGGGAAAAGGGGAGGGAAAAGGGGA) DNA (unknown origin) assessed as red shift at 3.3 uM in 5K buffer by circular dichroism scan analysis";"B";"BAO_0000225";"nucleic acid format";"Not specified";"None";"None";"None";"None";"";"";"";"CHEMBL5209894";"Quadruplex DNA";"";"NUCLEIC-ACID";"CHEMBL5241123";"1";"Scientific Literature";"Bioorg Med Chem";"2023";"None";"DOSE = 3.3 microM";"STABILISER";"";"21.4"
"CHEMBL5288584";"";"None";"580.73";"2";"7.66";"NMM";"CCC1=C(C)c2cc3c(C)c(CCC(=O)O)c(cc4nc(cc5[nH]c(cc1n2)c(C)c5CC)C(C)=C4CCC(=O)O)n3C";"Ka";"'='";"0.4";"/uM";"";"";"";"";"";"";"";"";"0";"CHEMBL5243828";"Binding affinity to G-quadruplex homo-purine guanine-rich GA1 (GAGGGAGGGAGGGAAAAGGGGA) DNA (unknown origin) at DNA:compound concentration ratio of 1:1 in 5K buffer by fluorescence titration based analysis";"B";"BAO_0000225";"nucleic acid format";"Not specified";"None";"None";"None";"None";"";"";"";"CHEMBL5209894";"Quadruplex DNA";"";"NUCLEIC-ACID";"CHEMBL5241123";"1";"Scientific Literature";"Bioorg Med Chem";"2023";"None";"";"STABILISER";"";"0.4"
"CHEMBL5612878";"";"None";"798.60";"2";"8.81";"L3";"Cc1sc(-c2cccc3cc[n+](C)cc23)cc1C1=C(c2cc(-c3cccc4cc[n+](C)cc34)sc2C)CCC1.[I-].[I-]";"Delta Tm";"'='";"17.0";"degrees C";"";"";"";"UO_0000027";"";"";"";"";"0";"CHEMBL5609039";"Stabilization of Trypanosoma cruzi G-quadruplex RCr DNA (FAM-5'-GGGGACGGGAATGGGGGTGCATGAGGGG-3'-TAMRA) assessed as change in apparent melting temperature at 5 uM by FRET melting analysis";"B";"BAO_0000225";"nucleic acid format";"Trypanosoma cruzi";"None";"None";"None";"None";"";"";"";"CHEMBL5209894";"Quadruplex DNA";"";"NUCLEIC-ACID";"CHEMBL5608180";"1";"Scientific Literature";"Eur J Med Chem";"2024";"None";"DOSE = 5.0 microM";"STABILISER";"";"17.0"
"CHEMBL5613617";"";"None";"514.72";"2";"8.97";"L4";"C[C@]12SC(c3ccc4cccnc4c3)=CC1=C1CCCC1=C1C=C(c3ccc4cccnc4c3)S[C@@]12C";"Activity";"";"";"";"";"";"";"";"";"";"";"";"0";"CHEMBL5609047";"Stabilization of Trypanosoma cruzi G-quadruplex RCr DNA (FAM-5'-GGGGACGGGAATGGGGGTGCATGAGGGG-3'-TAMRA) at 5 uM in presence of 1 to 10 uM double stranded ds26 DNA by FRET melting analysis";"B";"BAO_0000225";"nucleic acid format";"Trypanosoma cruzi";"None";"None";"None";"None";"";"";"";"CHEMBL5209894";"Quadruplex DNA";"";"NUCLEIC-ACID";"CHEMBL5608180";"1";"Scientific Literature";"Eur J Med Chem";"2024";"None";"DOSE = 5.0 microM";"STABILISER";"Active";""
"CHEMBL5275488";"";"None";"580.21";"2";"6.89";"4e";"CCCCCCCCc1c2[n+](cc3c(NCCCN4CCCC4)c(OC)ccc13)CCc1cc3c(cc1-2)OCO3.[Cl-]";"Delta Tm";"'='";"23.1";"degrees C";"";"";"";"UO_0000027";"";"";"";"";"0";"CHEMBL5243947";"Binding affinity to c-MYC G4-quadruplex DNA (unknown origin) using fluorescent tagged FPu18T model assessed as stabilization by measuring change in melting temperature at 2 uM by fluorescence based analysis";"B";"BAO_0000225";"nucleic acid format";"Not specified";"None";"None";"None";"None";"";"";"";"CHEMBL5209894";"Quadruplex DNA";"";"NUCLEIC-ACID";"CHEMBL5241127";"1";"Scientific Literature";"Bioorg Med Chem";"2023";"None";"DOSE = 2.0 microM";"STABILISER";"";"23.1"
"CHEMBL4095630";"";"None";"493.61";"0";"2.76";"1";"CCCNc1cc2c3c(ccc4c3c1C(=O)N(CCCN(C)C)C4=O)C(=O)N(CCCN(C)C)C2=O";"Delta Tm";"'='";"12.0";"degrees C";"";"";"";"UO_0000027";"";"";"";"";"0";"CHEMBL5505348";"Stabilization of Trypanosoma brucei ERB1 G4 DNA assessed as change in melting temperature at 1 uM by FRET assay";"B";"BAO_0000225";"nucleic acid format";"Trypanosoma brucei";"None";"None";"None";"None";"";"";"";"CHEMBL5209894";"Quadruplex DNA";"";"NUCLEIC-ACID";"CHEMBL5500418";"1";"Scientific Literature";"J Med Chem";"2024";"None";"DOSE = 1.0 microM";"STABILISER";"";"12.0"
"CHEMBL5284740";"";"None";"596.21";"2";"6.12";"4f";"CCCCCCCCc1c2[n+](cc3c(NCCCN4CCOCC4)c(OC)ccc13)CCc1cc3c(cc1-2)OCO3.[Cl-]";"Delta Tm";"'='";"17.4";"degrees C";"";"";"";"UO_0000027";"";"";"";"";"0";"CHEMBL5243949";"Binding affinity to c-MYC G4-quadruplex DNA (unknown origin) using fluorescent tagged FPu18T model assessed as stabilization by measuring change in melting temperature at 2 uM incubated in presence of non-fluorescent ds26 DNA by fluorescence based analysis";"B";"BAO_0000225";"nucleic acid format";"Not specified";"None";"None";"None";"None";"";"";"";"CHEMBL5209894";"Quadruplex DNA";"";"NUCLEIC-ACID";"CHEMBL5241127";"1";"Scientific Literature";"Bioorg Med Chem";"2023";"None";"DOSE = 2.0 microM";"STABILISER";"";"17.4"
"CHEMBL5289710";"";"None";"564.17";"2";"6.34";"6a";"CCCCCCCCc1c2[n+](c3c4c(c(OC)ccc14)N(CCN(C)C)C=C3)CCc1cc3c(cc1-2)OCO3.[Cl-]";"Delta Tm";"'='";"21.1";"degrees C";"";"";"";"UO_0000027";"";"";"";"";"0";"CHEMBL5243949";"Binding affinity to c-MYC G4-quadruplex DNA (unknown origin) using fluorescent tagged FPu18T model assessed as stabilization by measuring change in melting temperature at 2 uM incubated in presence of non-fluorescent ds26 DNA by fluorescence based analysis";"B";"BAO_0000225";"nucleic acid format";"Not specified";"None";"None";"None";"None";"";"";"";"CHEMBL5209894";"Quadruplex DNA";"";"NUCLEIC-ACID";"CHEMBL5241127";"1";"Scientific Literature";"Bioorg Med Chem";"2023";"None";"DOSE = 2.0 microM";"STABILISER";"";"21.1"
"CHEMBL5283840";"";"None";"540.15";"2";"5.96";"4d";"CCCCCCCCc1c2[n+](cc3c(NCCN(C)C)c(OC)ccc13)CCc1cc3c(cc1-2)OCO3.[Cl-]";"Delta Tm";"'='";"21.4";"degrees C";"";"";"";"UO_0000027";"";"";"";"";"0";"CHEMBL5243947";"Binding affinity to c-MYC G4-quadruplex DNA (unknown origin) using fluorescent tagged FPu18T model assessed as stabilization by measuring change in melting temperature at 2 uM by fluorescence based analysis";"B";"BAO_0000225";"nucleic acid format";"Not specified";"None";"None";"None";"None";"";"";"";"CHEMBL5209894";"Quadruplex DNA";"";"NUCLEIC-ACID";"CHEMBL5241127";"1";"Scientific Literature";"Bioorg Med Chem";"2023";"None";"DOSE = 2.0 microM";"STABILISER";"";"21.4"
"CHEMBL5288584";"";"None";"580.73";"2";"7.66";"NMM";"CCC1=C(C)c2cc3c(C)c(CCC(=O)O)c(cc4nc(cc5[nH]c(cc1n2)c(C)c5CC)C(C)=C4CCC(=O)O)n3C";"Activity";"";"";"";"";"";"";"";"";"";"";"";"0";"CHEMBL5243799";"Stabilization and preservation of G-quadruplex homo-purine guanine-rich GA1 (GAGGGAGGGAGGGAAAAGGGGA) DNA (unknown origin) parallel structure conformation at 2 equivalents in 100K buffer by circular dichroism scan analysis";"B";"BAO_0000225";"nucleic acid format";"Not specified";"None";"None";"None";"None";"";"";"";"CHEMBL5209894";"Quadruplex DNA";"";"NUCLEIC-ACID";"CHEMBL5241123";"1";"Scientific Literature";"Bioorg Med Chem";"2023";"None";"DOSE = 2.0 equiv";"STABILISER";"Active";""
"CHEMBL5288584";"";"None";"580.73";"2";"7.66";"NMM";"CCC1=C(C)c2cc3c(C)c(CCC(=O)O)c(cc4nc(cc5[nH]c(cc1n2)c(C)c5CC)C(C)=C4CCC(=O)O)n3C";"Activity";"";"";"";"";"";"";"";"";"";"";"";"0";"CHEMBL5243801";"Stabilization and preservation of G-quadruplex homo-purine guanine-rich GA3 (AGGGAAAAGGGGAGGGAAAAGGGGA) DNA (unknown origin) parallel structure conformation at 2 equivalents in 100K buffer by circular dichroism scan analysis";"B";"BAO_0000225";"nucleic acid format";"Not specified";"None";"None";"None";"None";"";"";"";"CHEMBL5209894";"Quadruplex DNA";"";"NUCLEIC-ACID";"CHEMBL5241123";"1";"Scientific Literature";"Bioorg Med Chem";"2023";"None";"DOSE = 2.0 equiv";"STABILISER";"Active";""
"CHEMBL5288584";"";"None";"580.73";"2";"7.66";"NMM";"CCC1=C(C)c2cc3c(C)c(CCC(=O)O)c(cc4nc(cc5[nH]c(cc1n2)c(C)c5CC)C(C)=C4CCC(=O)O)n3C";"Delta Tm";"'='";"14.6";"degrees C";"";"";"";"UO_0000027";"";"";"";"";"0";"CHEMBL5243805";"Stabilization and preservation of G-quadruplex homo-purine guanine-rich GA1 (GAGGGAGGGAGGGAAAAGGGGA) DNA (unknown origin) parallel structure conformation assessed as increase in melting temperature at 2 equivalents in 100K buffer by UV-Visible melting analysis";"B";"BAO_0000225";"nucleic acid format";"Not specified";"None";"None";"None";"None";"";"";"";"CHEMBL5209894";"Quadruplex DNA";"";"NUCLEIC-ACID";"CHEMBL5241123";"1";"Scientific Literature";"Bioorg Med Chem";"2023";"None";"DOSE = 2.0 equiv";"STABILISER";"";"14.6"
"CHEMBL5288584";"";"None";"580.73";"2";"7.66";"NMM";"CCC1=C(C)c2cc3c(C)c(CCC(=O)O)c(cc4nc(cc5[nH]c(cc1n2)c(C)c5CC)C(C)=C4CCC(=O)O)n3C";"deltaTm";"";"";"";"";"";"Not Determined";"";"";"";"";"";"0";"CHEMBL5243809";"Stabilization and preservation of G-quadruplex homo-purine guanine-rich GA5 (GGAGGGAAAAGGGGAGGGGAGGG) DNA (unknown origin) parallel structure conformation assessed as increase in melting temperature at 2 equivalents in 100K buffer by UV-Visible melting analysis";"B";"BAO_0000225";"nucleic acid format";"Not specified";"None";"None";"None";"None";"";"";"";"CHEMBL5209894";"Quadruplex DNA";"";"NUCLEIC-ACID";"CHEMBL5241123";"1";"Scientific Literature";"Bioorg Med Chem";"2023";"None";"DOSE = 2.0 equiv";"";"";""
"CHEMBL5288584";"";"None";"580.73";"2";"7.66";"NMM";"CCC1=C(C)c2cc3c(C)c(CCC(=O)O)c(cc4nc(cc5[nH]c(cc1n2)c(C)c5CC)C(C)=C4CCC(=O)O)n3C";"deltaH";"'='";"14.0";"kJ/mol";"";"";"";"";"";"";"";"";"0";"CHEMBL5243812";"Stabilization and preservation of G-quadruplex homo-purine guanine-rich GA3 (AGGGAAAAGGGGAGGGAAAAGGGGA) DNA (unknown origin) parallel structure conformation assessed as increase in enthalpy change associated with melting transition at 2 equivalents in 100K buffer by UV-Visible melting analysis";"B";"BAO_0000225";"nucleic acid format";"Not specified";"None";"None";"None";"None";"";"";"";"CHEMBL5209894";"Quadruplex DNA";"";"NUCLEIC-ACID";"CHEMBL5241123";"1";"Scientific Literature";"Bioorg Med Chem";"2023";"None";"DOSE = 2.0 equiv";"STABILISER";"";"14.0"
"CHEMBL5288584";"";"None";"580.73";"2";"7.66";"NMM";"CCC1=C(C)c2cc3c(C)c(CCC(=O)O)c(cc4nc(cc5[nH]c(cc1n2)c(C)c5CC)C(C)=C4CCC(=O)O)n3C";"Activity";"'='";"19.0";"%";"";"";"";"UO_0000187";"";"";"";"";"0";"CHEMBL5243819";"Binding affinity to G-quadruplex homo-purine guanine-rich GA2 (GAGGGAGGGAAAAGGGGAGGGA) DNA (unknown origin) assessed as hypochromicity at 3.3 uM in 5K buffer by circular dichroism scan analysis";"B";"BAO_0000225";"nucleic acid format";"Not specified";"None";"None";"None";"None";"";"";"";"CHEMBL5209894";"Quadruplex DNA";"";"NUCLEIC-ACID";"CHEMBL5241123";"1";"Scientific Literature";"Bioorg Med Chem";"2023";"None";"DOSE = 3.3 microM";"";"";"19.0"
"CHEMBL5288584";"";"None";"580.73";"2";"7.66";"NMM";"CCC1=C(C)c2cc3c(C)c(CCC(=O)O)c(cc4nc(cc5[nH]c(cc1n2)c(C)c5CC)C(C)=C4CCC(=O)O)n3C";"Ka";"'='";"0.1";"/uM";"";"";"";"";"";"";"";"";"0";"CHEMBL5243825";"Binding affinity to G-quadruplex homo-purine guanine-rich GA3 (AGGGAAAAGGGGAGGGAAAAGGGGA) DNA (unknown origin) at DNA:compound concentration ratio of 1:2 in 5K buffer by UV-Vis titration based analysis";"B";"BAO_0000225";"nucleic acid format";"Not specified";"None";"None";"None";"None";"";"";"";"CHEMBL5209894";"Quadruplex DNA";"";"NUCLEIC-ACID";"CHEMBL5241123";"1";"Scientific Literature";"Bioorg Med Chem";"2023";"None";"";"STABILISER";"";"0.1"
"CHEMBL5288584";"";"None";"580.73";"2";"7.66";"NMM";"CCC1=C(C)c2cc3c(C)c(CCC(=O)O)c(cc4nc(cc5[nH]c(cc1n2)c(C)c5CC)C(C)=C4CCC(=O)O)n3C";"Ka";"'='";"0.18";"/uM";"";"";"";"";"";"";"";"";"0";"CHEMBL5243831";"Binding affinity to G-quadruplex homo-purine guanine-rich GA1 (GAGGGAGGGAGGGAAAAGGGGA) DNA (unknown origin) at DNA:compound concentration ratio of 1:2 in 5K buffer by fluorescence titration based analysis";"B";"BAO_0000225";"nucleic acid format";"Not specified";"None";"None";"None";"None";"";"";"";"CHEMBL5209894";"Quadruplex DNA";"";"NUCLEIC-ACID";"CHEMBL5241123";"1";"Scientific Literature";"Bioorg Med Chem";"2023";"None";"";"STABILISER";"";"0.18"
"CHEMBL5288584";"";"None";"580.73";"2";"7.66";"NMM";"CCC1=C(C)c2cc3c(C)c(CCC(=O)O)c(cc4nc(cc5[nH]c(cc1n2)c(C)c5CC)C(C)=C4CCC(=O)O)n3C";"deltaH";"";"";"";"";"";"Not Determined";"";"";"";"";"";"0";"CHEMBL5243813";"Stabilization and preservation of G-quadruplex homo-purine guanine-rich GA4 (AGGGGAGGGAAAAGGGGAGGGGA) DNA (unknown origin) parallel structure conformation assessed as increase in enthalpy change associated with melting transition at 2 equivalents in 100K buffer by UV-Visible melting analysis";"B";"BAO_0000225";"nucleic acid format";"Not specified";"None";"None";"None";"None";"";"";"";"CHEMBL5209894";"Quadruplex DNA";"";"NUCLEIC-ACID";"CHEMBL5241123";"1";"Scientific Literature";"Bioorg Med Chem";"2023";"None";"DOSE = 2.0 equiv";"";"";""
"CHEMBL5288584";"";"None";"580.73";"2";"7.66";"NMM";"CCC1=C(C)c2cc3c(C)c(CCC(=O)O)c(cc4nc(cc5[nH]c(cc1n2)c(C)c5CC)C(C)=C4CCC(=O)O)n3C";"Ka";"'='";"0.19";"/uM";"";"";"";"";"";"";"";"";"0";"CHEMBL5243821";"Binding affinity to G-quadruplex homo-purine guanine-rich GA1 (GAGGGAGGGAGGGAAAAGGGGA) DNA (unknown origin) at DNA:compound concentration ratio of 1:1 in 5K buffer by UV-Vis titration based analysis";"B";"BAO_0000225";"nucleic acid format";"Not specified";"None";"None";"None";"None";"";"";"";"CHEMBL5209894";"Quadruplex DNA";"";"NUCLEIC-ACID";"CHEMBL5241123";"1";"Scientific Literature";"Bioorg Med Chem";"2023";"None";"";"STABILISER";"";"0.19"
"CHEMBL5568505";"";"None";"494.66";"1";"6.71";"10b";"CCCCN(CCCC)CCCOc1ccc2nc3c(oc4ccc(F)cc43)c(NCCCN)c2c1";"Delta Tm";"'='";"19.0";"degrees C";"";"";"";"UO_0000027";"";"";"";"";"0";"CHEMBL5515777";"Thermal stabilization of NRAS DNA G4 (unknown origin) assessed as change in melting temperature at 10 uM by CD spectrophotometer analysis";"B";"BAO_0000225";"nucleic acid format";"Not specified";"None";"None";"None";"None";"";"";"";"CHEMBL5209894";"Quadruplex DNA";"";"NUCLEIC-ACID";"CHEMBL5512663";"1";"Scientific Literature";"Eur J Med Chem";"2024";"None";"DOSE = 10.0 microM";"STABILISER";"";"19.0"
"CHEMBL5288584";"";"None";"580.73";"2";"7.66";"NMM";"CCC1=C(C)c2cc3c(C)c(CCC(=O)O)c(cc4nc(cc5[nH]c(cc1n2)c(C)c5CC)C(C)=C4CCC(=O)O)n3C";"Activity";"";"";"";"";"";"";"";"";"";"";"";"0";"CHEMBL5243800";"Stabilization and preservation of G-quadruplex homo-purine guanine-rich GA2 (GAGGGAGGGAAAAGGGGAGGGA) DNA (unknown origin) parallel structure conformation at 2 equivalents in 100K buffer by circular dichroism scan analysis";"B";"BAO_0000225";"nucleic acid format";"Not specified";"None";"None";"None";"None";"";"";"";"CHEMBL5209894";"Quadruplex DNA";"";"NUCLEIC-ACID";"CHEMBL5241123";"1";"Scientific Literature";"Bioorg Med Chem";"2023";"None";"DOSE = 2.0 equiv";"STABILISER";"Active";""
"CHEMBL5288584";"";"None";"580.73";"2";"7.66";"NMM";"CCC1=C(C)c2cc3c(C)c(CCC(=O)O)c(cc4nc(cc5[nH]c(cc1n2)c(C)c5CC)C(C)=C4CCC(=O)O)n3C";"Ka";"'='";"1.4";"/uM";"";"";"";"";"";"";"";"";"0";"CHEMBL5243822";"Binding affinity to G-quadruplex homo-purine guanine-rich GA2 (GAGGGAGGGAAAAGGGGAGGGA) DNA (unknown origin) at DNA:compound concentration ratio of 1:1 in 5K buffer by UV-Vis titration based analysis";"B";"BAO_0000225";"nucleic acid format";"Not specified";"None";"None";"None";"None";"";"";"";"CHEMBL5209894";"Quadruplex DNA";"";"NUCLEIC-ACID";"CHEMBL5241123";"1";"Scientific Literature";"Bioorg Med Chem";"2023";"None";"";"STABILISER";"";"1.4"
"CHEMBL6102310";"";"None";"510.68";"1";"1.92";"OAF89";"OCCN1CCN(CC#Cc2c3ccccc3c(C#CCN3CCN(CCO)CC3)c3ccccc23)CC1";"Activity";"";"";"";"";"";"";"";"";"";"";"";"0";"CHEMBL6072936";"Binding affinity to wildtype Tel26 G4 DNA (5'-TTAGGGTTAGGGTTAGGGTTAGGGTT-3') (unknown origin) at 10:1 compound:DNA ratio incubated for 30 mins by ESI-MS analysis";"B";"BAO_0000225";"nucleic acid format";"Not specified";"None";"None";"None";"None";"";"";"";"CHEMBL5209894";"Quadruplex DNA";"";"NUCLEIC-ACID";"CHEMBL6071164";"1";"Scientific Literature";"ACS Med Chem Lett";"2024";"None";"TIME = 0.5 hr";"BINDING AGENT";"Active";""
"CHEMBL5518020";"";"None";"509.61";"1";"1.73";"7";"CN(C)CCCN1C(=O)c2ccc3c4c(c(NCCCO)cc(c24)C1=O)C(=O)N(CCCN(C)C)C3=O";"Delta Tm";"'='";"12.0";"degrees C";"";"";"";"UO_0000027";"";"";"";"";"0";"CHEMBL5505348";"Stabilization of Trypanosoma brucei ERB1 G4 DNA assessed as change in melting temperature at 1 uM by FRET assay";"B";"BAO_0000225";"nucleic acid format";"Trypanosoma brucei";"None";"None";"None";"None";"";"";"";"CHEMBL5209894";"Quadruplex DNA";"";"NUCLEIC-ACID";"CHEMBL5500418";"1";"Scientific Literature";"J Med Chem";"2024";"None";"DOSE = 1.0 microM";"STABILISER";"";"12.0"
"CHEMBL4594805";"";"None";"540.62";"1";"2.49";"14";"CN(C)CCCn1c(=O)c2ccc3c(=O)n(CCCN(C)C)c(=O)c4c5[nH]c6ccccc6[nH]c5c(c1=O)c2c34";"Delta Tm";"'>'";"30.0";"degrees C";"";"";"";"UO_0000027";"";"";"";"";"0";"CHEMBL5505348";"Stabilization of Trypanosoma brucei ERB1 G4 DNA assessed as change in melting temperature at 1 uM by FRET assay";"B";"BAO_0000225";"nucleic acid format";"Trypanosoma brucei";"None";"None";"None";"None";"";"";"";"CHEMBL5209894";"Quadruplex DNA";"";"NUCLEIC-ACID";"CHEMBL5500418";"1";"Scientific Literature";"J Med Chem";"2024";"None";"DOSE = 1.0 microM";"";"";"30.0"
"CHEMBL5561164";"";"None";"340.34";"0";"0.41";"3f";"OC[C@H](O)[C@@H](O)[C@H](O)c1nc2c3cccnc3c3ncccc3c2[nH]1";"Delta Tm";"'='";"1.3";"degrees C";"";"";"";"UO_0000027";"";"";"";"";"0";"CHEMBL5524149";"Thermal stabilization of FAM/TAMRA-labeled human telomeric quadruplex DNA F21T assessed as change in melting temperature at 8 uM by FRET assay";"B";"BAO_0000225";"nucleic acid format";"Homo sapiens";"None";"None";"None";"None";"";"";"";"CHEMBL5209894";"Quadruplex DNA";"";"NUCLEIC-ACID";"CHEMBL5523683";"1";"Scientific Literature";"Bioorg Med Chem";"2024";"None";"DOSE = 8.0 microM";"STABILISER";"";"1.3"
"CHEMBL5613617";"";"None";"514.72";"2";"8.97";"L4";"C[C@]12SC(c3ccc4cccnc4c3)=CC1=C1CCCC1=C1C=C(c3ccc4cccnc4c3)S[C@@]12C";"Activity";"";"";"";"";"";"";"";"";"";"";"";"0";"CHEMBL5609056";"Binding affinity to Trypanosoma cruzi G-quadruplex MCr DNA (FAM-5'-GTGGAGGGGGAGGGTCATGGGG-3'-TAMRA) assessed as decrease in absorption with shift to higher wavelength at 30 uM by UV-Vis spectrophotometric analysis";"B";"BAO_0000225";"nucleic acid format";"Trypanosoma cruzi";"None";"None";"None";"None";"";"";"";"CHEMBL5209894";"Quadruplex DNA";"";"NUCLEIC-ACID";"CHEMBL5608180";"1";"Scientific Literature";"Eur J Med Chem";"2024";"None";"DOSE = 30.0 microM";"STABILISER";"Active";""
"CHEMBL5612878";"";"None";"798.60";"2";"8.81";"L3";"Cc1sc(-c2cccc3cc[n+](C)cc23)cc1C1=C(c2cc(-c3cccc4cc[n+](C)cc34)sc2C)CCC1.[I-].[I-]";"Activity";"";"";"";"";"";"";"";"";"";"";"";"0";"CHEMBL5609049";"Binding affinity to Trypanosoma cruzi G-quadruplex MCr DNA (FAM-5'-GTGGAGGGGGAGGGTCATGGGG-3'-TAMRA) assessed as broadening of imino proton signals at 1 equiv. by 1H-NMR analysis";"B";"BAO_0000225";"nucleic acid format";"Trypanosoma cruzi";"None";"None";"None";"None";"";"";"";"CHEMBL5209894";"Quadruplex DNA";"";"NUCLEIC-ACID";"CHEMBL5608180";"1";"Scientific Literature";"Eur J Med Chem";"2024";"None";"DOSE = 1.0 equiv";"STABILISER";"Active";""
"CHEMBL5613617";"";"None";"514.72";"2";"8.97";"L4";"C[C@]12SC(c3ccc4cccnc4c3)=CC1=C1CCCC1=C1C=C(c3ccc4cccnc4c3)S[C@@]12C";"Activity";"";"";"";"";"";"";"";"";"";"";"";"0";"CHEMBL5609049";"Binding affinity to Trypanosoma cruzi G-quadruplex MCr DNA (FAM-5'-GTGGAGGGGGAGGGTCATGGGG-3'-TAMRA) assessed as broadening of imino proton signals at 1 equiv. by 1H-NMR analysis";"B";"BAO_0000225";"nucleic acid format";"Trypanosoma cruzi";"None";"None";"None";"None";"";"";"";"CHEMBL5209894";"Quadruplex DNA";"";"NUCLEIC-ACID";"CHEMBL5608180";"1";"Scientific Literature";"Eur J Med Chem";"2024";"None";"DOSE = 1.0 equiv";"STABILISER";"Active";""
"CHEMBL5612878";"";"None";"798.60";"2";"8.81";"L3";"Cc1sc(-c2cccc3cc[n+](C)cc23)cc1C1=C(c2cc(-c3cccc4cc[n+](C)cc34)sc2C)CCC1.[I-].[I-]";"Activity";"";"";"";"";"";"";"";"";"";"";"";"0";"CHEMBL5609054";"Binding affinity to Trypanosoma cruzi G-quadruplex MCr DNA (FAM-5'-GTGGAGGGGGAGGGTCATGGGG-3'-TAMRA) assessed as decrease in absorption with shift to higher wavelength at 25 uM by UV-Vis spectrophotometric analysis";"B";"BAO_0000225";"nucleic acid format";"Trypanosoma cruzi";"None";"None";"None";"None";"";"";"";"CHEMBL5209894";"Quadruplex DNA";"";"NUCLEIC-ACID";"CHEMBL5608180";"1";"Scientific Literature";"Eur J Med Chem";"2024";"None";"DOSE = 25.0 microM";"STABILISER";"Active";""
"CHEMBL2008925";"";"None";"471.44";"0";"4.37";"5; QQ58";"N[C@H]1CCN(c2c(F)cc3c(=O)c(C(=O)O)cn4c3c2Oc2cc3c(cc2-4)oc2ccccc23)C1";"FC";"'='";"3.0";"";"";"";"";"";"";"";"";"";"0";"CHEMBL5225124";"Binding affinity to G4-quadruplex DNA (unknown origin) assessed as inhibition of Taq polymerase at G4 site on DNA template by measuring fold increase intensity of band at G4 pause site at 0.01 to 10 uM by autoradiogram";"B";"BAO_0000225";"nucleic acid format";"Not specified";"None";"None";"None";"None";"";"";"";"CHEMBL5209894";"Quadruplex DNA";"";"NUCLEIC-ACID";"CHEMBL5223131";"1";"Scientific Literature";"Bioorg Med Chem Lett";"2022";"None";"DOSE_Lower = 0.01 microM | DOSE_Upper = 10.0 microM";"INHIBITOR";"";"3.0"
"CHEMBL5531983";"";"None";"553.66";"1";"2.01";"8";"COCCOCCNc1cc2c3c(ccc4c3c1C(=O)N(CCCN(C)C)C4=O)C(=O)N(CCCN(C)C)C2=O";"Delta Tm";"'='";"9.7";"degrees C";"";"";"";"UO_0000027";"";"";"";"";"0";"CHEMBL5505348";"Stabilization of Trypanosoma brucei ERB1 G4 DNA assessed as change in melting temperature at 1 uM by FRET assay";"B";"BAO_0000225";"nucleic acid format";"Trypanosoma brucei";"None";"None";"None";"None";"";"";"";"CHEMBL5209894";"Quadruplex DNA";"";"NUCLEIC-ACID";"CHEMBL5500418";"1";"Scientific Literature";"J Med Chem";"2024";"None";"DOSE = 1.0 microM";"STABILISER";"";"9.7"
"CHEMBL5557778";"";"None";"545.55";"2";"-0.53";"12";"O=C1c2ccc3c4c(c(NCCOCCO)cc(c24)C(=O)N1CCOCCO)C(=O)N(CCOCCO)C3=O";"Delta Tm";"'='";"2.9";"degrees C";"";"";"";"UO_0000027";"";"";"";"";"0";"CHEMBL5505348";"Stabilization of Trypanosoma brucei ERB1 G4 DNA assessed as change in melting temperature at 1 uM by FRET assay";"B";"BAO_0000225";"nucleic acid format";"Trypanosoma brucei";"None";"None";"None";"None";"";"";"";"CHEMBL5209894";"Quadruplex DNA";"";"NUCLEIC-ACID";"CHEMBL5500418";"1";"Scientific Literature";"J Med Chem";"2024";"None";"DOSE = 1.0 microM";"STABILISER";"";"2.9"
"CHEMBL4594805";"";"None";"540.62";"1";"2.49";"14";"CN(C)CCCn1c(=O)c2ccc3c(=O)n(CCCN(C)C)c(=O)c4c5[nH]c6ccccc6[nH]c5c(c1=O)c2c34";"Delta Tm";"'='";"25.9";"degrees C";"";"";"";"UO_0000027";"";"";"";"";"0";"CHEMBL5505351";"Stabilization of Trypanosoma brucei ERB1 G4 DNA assessed as change in melting temperature at 265 nm wavelength at 5 uM by CD spectroscopy";"B";"BAO_0000225";"nucleic acid format";"Trypanosoma brucei";"None";"None";"None";"None";"";"";"";"CHEMBL5209894";"Quadruplex DNA";"";"NUCLEIC-ACID";"CHEMBL5500418";"1";"Scientific Literature";"J Med Chem";"2024";"None";"DOSE = 5.0 microM";"STABILISER";"";"25.9"
"CHEMBL5613617";"";"None";"514.72";"2";"8.97";"L4";"C[C@]12SC(c3ccc4cccnc4c3)=CC1=C1CCCC1=C1C=C(c3ccc4cccnc4c3)S[C@@]12C";"Delta Tm";"'='";"17.0";"degrees C";"";"";"";"UO_0000027";"";"";"";"";"0";"CHEMBL5609039";"Stabilization of Trypanosoma cruzi G-quadruplex RCr DNA (FAM-5'-GGGGACGGGAATGGGGGTGCATGAGGGG-3'-TAMRA) assessed as change in apparent melting temperature at 5 uM by FRET melting analysis";"B";"BAO_0000225";"nucleic acid format";"Trypanosoma cruzi";"None";"None";"None";"None";"";"";"";"CHEMBL5209894";"Quadruplex DNA";"";"NUCLEIC-ACID";"CHEMBL5608180";"1";"Scientific Literature";"Eur J Med Chem";"2024";"None";"DOSE = 5.0 microM";"STABILISER";"";"17.0"
"CHEMBL5613617";"";"None";"514.72";"2";"8.97";"L4";"C[C@]12SC(c3ccc4cccnc4c3)=CC1=C1CCCC1=C1C=C(c3ccc4cccnc4c3)S[C@@]12C";"Activity";"";"";"";"";"";"";"";"";"";"";"";"0";"CHEMBL5609048";"Binding affinity to Trypanosoma cruzi G-quadruplex RCr DNA (FAM-5'-GGGGACGGGAATGGGGGTGCATGAGGGG-3'-TAMRA) assessed as broadening of imino proton signals with delta shift at 1 equiv. by 1H-NMR analysis";"B";"BAO_0000225";"nucleic acid format";"Trypanosoma cruzi";"None";"None";"None";"None";"";"";"";"CHEMBL5209894";"Quadruplex DNA";"";"NUCLEIC-ACID";"CHEMBL5608180";"1";"Scientific Literature";"Eur J Med Chem";"2024";"None";"DOSE = 1.0 equiv";"STABILISER";"Active";""
"CHEMBL5288584";"";"None";"580.73";"2";"7.66";"NMM";"CCC1=C(C)c2cc3c(C)c(CCC(=O)O)c(cc4nc(cc5[nH]c(cc1n2)c(C)c5CC)C(C)=C4CCC(=O)O)n3C";"Ka";"'='";"0.4";"/uM";"";"";"";"";"";"";"";"";"0";"CHEMBL5243830";"Binding affinity to G-quadruplex homo-purine guanine-rich GA3 (AGGGAAAAGGGGAGGGAAAAGGGGA) DNA (unknown origin) at DNA:compound concentration ratio of 1:1 in 5K buffer by fluorescence titration based analysis";"B";"BAO_0000225";"nucleic acid format";"Not specified";"None";"None";"None";"None";"";"";"";"CHEMBL5209894";"Quadruplex DNA";"";"NUCLEIC-ACID";"CHEMBL5241123";"1";"Scientific Literature";"Bioorg Med Chem";"2023";"None";"";"STABILISER";"";"0.4"
"CHEMBL5288584";"";"None";"580.73";"2";"7.66";"NMM";"CCC1=C(C)c2cc3c(C)c(CCC(=O)O)c(cc4nc(cc5[nH]c(cc1n2)c(C)c5CC)C(C)=C4CCC(=O)O)n3C";"Ka";"'='";"3.7";"/uM";"";"";"";"";"";"";"";"";"0";"CHEMBL5243835";"Binding affinity to G-quadruplex homo-purine guanine-rich GA2 (GAGGGAGGGAAAAGGGGAGGGA) DNA (unknown origin) at DNA:compound concentration ratio of 2:1 in 5K buffer by fluorescence titration based analysis";"B";"BAO_0000225";"nucleic acid format";"Not specified";"None";"None";"None";"None";"";"";"";"CHEMBL5209894";"Quadruplex DNA";"";"NUCLEIC-ACID";"CHEMBL5241123";"1";"Scientific Literature";"Bioorg Med Chem";"2023";"None";"";"STABILISER";"";"3.7"
"CHEMBL5284740";"";"None";"596.21";"2";"6.12";"4f";"CCCCCCCCc1c2[n+](cc3c(NCCCN4CCOCC4)c(OC)ccc13)CCc1cc3c(cc1-2)OCO3.[Cl-]";"Delta Tm";"'='";"18.5";"degrees C";"";"";"";"UO_0000027";"";"";"";"";"0";"CHEMBL5243947";"Binding affinity to c-MYC G4-quadruplex DNA (unknown origin) using fluorescent tagged FPu18T model assessed as stabilization by measuring change in melting temperature at 2 uM by fluorescence based analysis";"B";"BAO_0000225";"nucleic acid format";"Not specified";"None";"None";"None";"None";"";"";"";"CHEMBL5209894";"Quadruplex DNA";"";"NUCLEIC-ACID";"CHEMBL5241127";"1";"Scientific Literature";"Bioorg Med Chem";"2023";"None";"DOSE = 2.0 microM";"STABILISER";"";"18.5"
"CHEMBL5272398";"";"None";"1024.61";"3";"12.63";"3";"Cl.N=C(N)Nc1ccc(S(=O)(=O)c2ccc(NC(=N)NC(=O)Nc3ccc(-c4c5nc(c(-c6ccccc6)c6ccc([nH]6)c(-c6ccccc6)c6nc(c(-c7ccccc7)c7ccc4[nH]7)C=C6)C=C5)cc3)cc2)cc1";"Delta Tm";"'='";"-1.05";"degrees C";"";"";"";"UO_0000027";"";"";"";"";"0";"CHEMBL5224616";"Binding affinity to 22AG_K G4 quadruplex DNA (unknown origin) assessed as change in melting temperature at 1:2 G4:ligand ratio by UV analysis (Rvb = 60.1 degreeC)";"B";"BAO_0000225";"nucleic acid format";"Not specified";"None";"None";"None";"None";"";"";"";"CHEMBL5209894";"Quadruplex DNA";"";"NUCLEIC-ACID";"CHEMBL5223108";"1";"Scientific Literature";"Bioorg Med Chem Lett";"2022";"None";"";"BINDING AGENT";"";"-1.05"
"CHEMBL5272398";"";"None";"1024.61";"3";"12.63";"3";"Cl.N=C(N)Nc1ccc(S(=O)(=O)c2ccc(NC(=N)NC(=O)Nc3ccc(-c4c5nc(c(-c6ccccc6)c6ccc([nH]6)c(-c6ccccc6)c6nc(c(-c7ccccc7)c7ccc4[nH]7)C=C6)C=C5)cc3)cc2)cc1";"Activity";"";"";"";"";"";"";"";"";"";"";"";"0";"CHEMBL5224625";"Binding affinity to 22AG_Na G4 quadruplex DNA (unknown origin) by CD spectroscopy analysis";"B";"BAO_0000225";"nucleic acid format";"Not specified";"None";"None";"None";"None";"";"";"";"CHEMBL5209894";"Quadruplex DNA";"";"NUCLEIC-ACID";"CHEMBL5223108";"1";"Scientific Literature";"Bioorg Med Chem Lett";"2022";"None";"";"";"Not active";""
"CHEMBL5556792";"";"None";"519.65";"1";"2.93";"2";"CN(C)CCCN1C(=O)c2ccc3c4c(c(N5CCCCC5)cc(c24)C1=O)C(=O)N(CCCN(C)C)C3=O";"Delta Tm";"'='";"7.4";"degrees C";"";"";"";"UO_0000027";"";"";"";"";"0";"CHEMBL5505348";"Stabilization of Trypanosoma brucei ERB1 G4 DNA assessed as change in melting temperature at 1 uM by FRET assay";"B";"BAO_0000225";"nucleic acid format";"Trypanosoma brucei";"None";"None";"None";"None";"";"";"";"CHEMBL5209894";"Quadruplex DNA";"";"NUCLEIC-ACID";"CHEMBL5500418";"1";"Scientific Literature";"J Med Chem";"2024";"None";"DOSE = 1.0 microM";"STABILISER";"";"7.4"
"CHEMBL255733";"";"None";"636.84";"1";"2.66";"9";"CN(C)CCCNc1cc2c3c(c(NCCCN(C)C)cc4c3c1C(=O)N(CCCN(C)C)C4=O)C(=O)N(CCCN(C)C)C2=O";"Delta Tm";"'>'";"30.0";"degrees C";"";"";"";"UO_0000027";"";"";"";"";"0";"CHEMBL5505348";"Stabilization of Trypanosoma brucei ERB1 G4 DNA assessed as change in melting temperature at 1 uM by FRET assay";"B";"BAO_0000225";"nucleic acid format";"Trypanosoma brucei";"None";"None";"None";"None";"";"";"";"CHEMBL5209894";"Quadruplex DNA";"";"NUCLEIC-ACID";"CHEMBL5500418";"1";"Scientific Literature";"J Med Chem";"2024";"None";"DOSE = 1.0 microM";"";"";"30.0"
"CHEMBL5523407";"";"None";"648.67";"3";"-1.11";"13";"O=C1c2cc(NCCOCCO)c3c4c(cc(NCCOCCO)c(c24)C(=O)N1CCOCCO)C(=O)N(CCOCCO)C3=O";"Delta Tm";"'='";"3.5";"degrees C";"";"";"";"UO_0000027";"";"";"";"";"0";"CHEMBL5505348";"Stabilization of Trypanosoma brucei ERB1 G4 DNA assessed as change in melting temperature at 1 uM by FRET assay";"B";"BAO_0000225";"nucleic acid format";"Trypanosoma brucei";"None";"None";"None";"None";"";"";"";"CHEMBL5209894";"Quadruplex DNA";"";"NUCLEIC-ACID";"CHEMBL5500418";"1";"Scientific Literature";"J Med Chem";"2024";"None";"DOSE = 1.0 microM";"STABILISER";"";"3.5"
"CHEMBL5557605";"";"None";"1232.98";"None";"None";"19";"CN(C)CCCN1C(=O)c2cc(NCCOCCOCCNc3cc4c5c(c(Br)cc6c5c3C(=O)N(CCCCCC(=O)O)C6=O)C(=O)N(CCCCCC(=O)O)C4=O)c3c4c(cc(Br)c(c24)C1=O)C(=O)N(CCCN(C)C)C3=O";"Delta Tm";"'='";"7.1";"degrees C";"";"";"";"UO_0000027";"";"";"";"";"0";"CHEMBL5505348";"Stabilization of Trypanosoma brucei ERB1 G4 DNA assessed as change in melting temperature at 1 uM by FRET assay";"B";"BAO_0000225";"nucleic acid format";"Trypanosoma brucei";"None";"None";"None";"None";"";"";"";"CHEMBL5209894";"Quadruplex DNA";"";"NUCLEIC-ACID";"CHEMBL5500418";"1";"Scientific Literature";"J Med Chem";"2024";"None";"DOSE = 1.0 microM";"STABILISER";"";"7.1"
"CHEMBL4068055";"";"None";"738.80";"2";"-1.04";"4";"CN(C)CCCN1C(=O)c2ccc3c4c(c(NCc5cn(CCO[C@@H]6O[C@H](CO)[C@@H](O)[C@H](O)[C@H]6O)nn5)cc(c24)C1=O)C(=O)N(CCCN(C)C)C3=O";"Delta Tm";"'='";"8.6";"degrees C";"";"";"";"UO_0000027";"";"";"";"";"0";"CHEMBL5505348";"Stabilization of Trypanosoma brucei ERB1 G4 DNA assessed as change in melting temperature at 1 uM by FRET assay";"B";"BAO_0000225";"nucleic acid format";"Trypanosoma brucei";"None";"None";"None";"None";"";"";"";"CHEMBL5209894";"Quadruplex DNA";"";"NUCLEIC-ACID";"CHEMBL5500418";"1";"Scientific Literature";"J Med Chem";"2024";"None";"DOSE = 1.0 microM";"STABILISER";"";"8.6"
"CHEMBL5555465";"";"None";"1099.39";"None";"None";"18";"CN(C)CCCNc1cc2c3c(c(NCCCCCCCNc4cc5c6c(ccc7c6c4C(=O)N(CCCN(C)C)C7=O)C(=O)N(CCCN(C)C)C5=O)cc4c3c1C(=O)N(CCCN(C)C)C4=O)C(=O)N(CCCN(C)C)C2=O";"Delta Tm";"'>'";"30.0";"degrees C";"";"";"";"UO_0000027";"";"";"";"";"0";"CHEMBL5505348";"Stabilization of Trypanosoma brucei ERB1 G4 DNA assessed as change in melting temperature at 1 uM by FRET assay";"B";"BAO_0000225";"nucleic acid format";"Trypanosoma brucei";"None";"None";"None";"None";"";"";"";"CHEMBL5209894";"Quadruplex DNA";"";"NUCLEIC-ACID";"CHEMBL5500418";"1";"Scientific Literature";"J Med Chem";"2024";"None";"DOSE = 1.0 microM";"";"";"30.0"
"CHEMBL5403278";"";"None";"277.33";"0";"2.54";"MC-1";"NCCn1cc(-c2ccc3[nH]c4ccccc4c3c2)nn1";"Delta Tm";"'<='";"5.5";"degrees C";"";"";"";"UO_0000027";"";"";"";"";"0";"CHEMBL5346257";"Stabilization of calf thymus G-quadruplex ds DNA 5-FAM-CAATCGGATCGAATTCGATCCGATTG-TAMRA-3 assessed as change in melting temperature at 1 uM incubated for 1 hr in dark condition by FRET-based melting assay";"B";"BAO_0000225";"nucleic acid format";"Bos taurus";"None";"None";"None";"None";"";"";"";"CHEMBL5209894";"Quadruplex DNA";"";"NUCLEIC-ACID";"CHEMBL5344453";"1";"Scientific Literature";"ACS Med Chem Lett";"2024";"None";"DOSE = 1.0 microM | TIME = 1.0 hr";"STABILISER";"";"5.5"
"CHEMBL5400144";"";"None";"422.49";"0";"4.26";"MC-5";"O=C(Nc1ccc(-n2cc(-c3ccc4[nH]c5ccccc5c4c3)nn2)cc1)C1CCCN1";"Delta Tm";"'<='";"5.5";"degrees C";"";"";"";"UO_0000027";"";"";"";"";"0";"CHEMBL5346257";"Stabilization of calf thymus G-quadruplex ds DNA 5-FAM-CAATCGGATCGAATTCGATCCGATTG-TAMRA-3 assessed as change in melting temperature at 1 uM incubated for 1 hr in dark condition by FRET-based melting assay";"B";"BAO_0000225";"nucleic acid format";"Bos taurus";"None";"None";"None";"None";"";"";"";"CHEMBL5209894";"Quadruplex DNA";"";"NUCLEIC-ACID";"CHEMBL5344453";"1";"Scientific Literature";"ACS Med Chem Lett";"2024";"None";"DOSE = 1.0 microM | TIME = 1.0 hr";"STABILISER";"";"5.5"
"CHEMBL5415294";"";"None";"278.31";"0";"2.80";"MD-8";"NCCn1cc(-c2ccc3oc4ccccc4c3c2)nn1";"Delta Tm";"'<='";"6.0";"degrees C";"";"";"";"UO_0000027";"";"";"";"";"0";"CHEMBL5346257";"Stabilization of calf thymus G-quadruplex ds DNA 5-FAM-CAATCGGATCGAATTCGATCCGATTG-TAMRA-3 assessed as change in melting temperature at 1 uM incubated for 1 hr in dark condition by FRET-based melting assay";"B";"BAO_0000225";"nucleic acid format";"Bos taurus";"None";"None";"None";"None";"";"";"";"CHEMBL5209894";"Quadruplex DNA";"";"NUCLEIC-ACID";"CHEMBL5344453";"1";"Scientific Literature";"ACS Med Chem Lett";"2024";"None";"DOSE = 1.0 microM | TIME = 1.0 hr";"STABILISER";"";"6.0"
"CHEMBL5433515";"";"None";"439.52";"0";"4.52";"MD-11";"CN(C)CCCNC(=O)c1ccc(-n2cc(-c3ccc4oc5ccccc5c4c3)nn2)cc1";"Delta Tm";"'<='";"3.0";"degrees C";"";"";"";"UO_0000027";"";"";"";"";"0";"CHEMBL5346257";"Stabilization of calf thymus G-quadruplex ds DNA 5-FAM-CAATCGGATCGAATTCGATCCGATTG-TAMRA-3 assessed as change in melting temperature at 1 uM incubated for 1 hr in dark condition by FRET-based melting assay";"B";"BAO_0000225";"nucleic acid format";"Bos taurus";"None";"None";"None";"None";"";"";"";"CHEMBL5209894";"Quadruplex DNA";"";"NUCLEIC-ACID";"CHEMBL5344453";"1";"Scientific Literature";"ACS Med Chem Lett";"2024";"None";"DOSE = 1.0 microM | TIME = 1.0 hr";"STABILISER";"";"3.0"
"CHEMBL5439113";"";"None";"453.55";"0";"3.96";"MC-6";"NCCCCC(N)C(=O)Nc1ccc(-n2cc(-c3ccc4[nH]c5ccccc5c4c3)nn2)cc1";"Delta Tm";"'<='";"5.5";"degrees C";"";"";"";"UO_0000027";"";"";"";"";"0";"CHEMBL5346257";"Stabilization of calf thymus G-quadruplex ds DNA 5-FAM-CAATCGGATCGAATTCGATCCGATTG-TAMRA-3 assessed as change in melting temperature at 1 uM incubated for 1 hr in dark condition by FRET-based melting assay";"B";"BAO_0000225";"nucleic acid format";"Bos taurus";"None";"None";"None";"None";"";"";"";"CHEMBL5209894";"Quadruplex DNA";"";"NUCLEIC-ACID";"CHEMBL5344453";"1";"Scientific Literature";"ACS Med Chem Lett";"2024";"None";"DOSE = 1.0 microM | TIME = 1.0 hr";"STABILISER";"";"5.5"
"CHEMBL5505832";"";"None";"625.73";"1";"2.63";"16";"CCCNC(=O)c1ccc2[nH]c3c([nH]c2c1)c1c(=O)n(CCCN(C)C)c(=O)c2ccc4c(=O)n(CCCN(C)C)c(=O)c3c4c21";"Delta Tm";"'='";"22.7";"degrees C";"";"";"";"UO_0000027";"";"";"";"";"0";"CHEMBL5505351";"Stabilization of Trypanosoma brucei ERB1 G4 DNA assessed as change in melting temperature at 265 nm wavelength at 5 uM by CD spectroscopy";"B";"BAO_0000225";"nucleic acid format";"Trypanosoma brucei";"None";"None";"None";"None";"";"";"";"CHEMBL5209894";"Quadruplex DNA";"";"NUCLEIC-ACID";"CHEMBL5500418";"1";"Scientific Literature";"J Med Chem";"2024";"None";"DOSE = 5.0 microM";"STABILISER";"";"22.7"
"CHEMBL5433169";"";"None";"423.48";"0";"4.52";"MD-12";"O=C(Nc1ccc(-n2cc(-c3ccc4oc5ccccc5c4c3)nn2)cc1)C1CCCN1";"Delta Tm";"'<='";"6.0";"degrees C";"";"";"";"UO_0000027";"";"";"";"";"0";"CHEMBL5346257";"Stabilization of calf thymus G-quadruplex ds DNA 5-FAM-CAATCGGATCGAATTCGATCCGATTG-TAMRA-3 assessed as change in melting temperature at 1 uM incubated for 1 hr in dark condition by FRET-based melting assay";"B";"BAO_0000225";"nucleic acid format";"Bos taurus";"None";"None";"None";"None";"";"";"";"CHEMBL5209894";"Quadruplex DNA";"";"NUCLEIC-ACID";"CHEMBL5344453";"1";"Scientific Literature";"ACS Med Chem Lett";"2024";"None";"DOSE = 1.0 microM | TIME = 1.0 hr";"STABILISER";"";"6.0"
"CHEMBL5438859";"";"None";"454.53";"0";"4.23";"MD-13";"NCCCCC(N)C(=O)Nc1ccc(-n2cc(-c3ccc4oc5ccccc5c4c3)nn2)cc1";"Delta Tm";"'<='";"6.0";"degrees C";"";"";"";"UO_0000027";"";"";"";"";"0";"CHEMBL5346257";"Stabilization of calf thymus G-quadruplex ds DNA 5-FAM-CAATCGGATCGAATTCGATCCGATTG-TAMRA-3 assessed as change in melting temperature at 1 uM incubated for 1 hr in dark condition by FRET-based melting assay";"B";"BAO_0000225";"nucleic acid format";"Bos taurus";"None";"None";"None";"None";"";"";"";"CHEMBL5209894";"Quadruplex DNA";"";"NUCLEIC-ACID";"CHEMBL5344453";"1";"Scientific Literature";"ACS Med Chem Lett";"2024";"None";"DOSE = 1.0 microM | TIME = 1.0 hr";"STABILISER";"";"6.0"
"CHEMBL5074369";"";"None";"514.62";"1";"4.75";"QN-1";"CN1CCN(c2ccc(-c3nc4cc(F)c(F)cc4nc3-c3ccc(N4CCN(C)CC4)cc3)cc2)CC1";"Kd";"'='";"1300.0";"nM";"5.89";"";"";"UO_0000065";"";"";"";"";"0";"CHEMBL5235455";"Binding affinity to MYC G4-quadruplex DNA (unknown origin) assessed as dissociation constant";"B";"BAO_0000225";"nucleic acid format";"Not specified";"None";"None";"None";"None";"";"";"";"CHEMBL5209894";"Quadruplex DNA";"";"NUCLEIC-ACID";"CHEMBL5233264";"1";"Scientific Literature";"Eur J Med Chem";"2021";"None";"";"BINDING AGENT";"";"1.3"
"CHEMBL5178224";"";"None";"646.70";"1";"2.97";"14";"O=C1c2ccc3c4c(ccc(c24)C(=O)N1CC(c1ccccn1)N1CCOCC1)C(=O)N(CC(c1ccccn1)N1CCOCC1)C3=O";"Delta Tm";"'='";"0.7";"degrees C";"";"";"";"UO_0000027";"";"";"";"";"0";"CHEMBL5110054";"Binding affinity to Trypanosoma brucei G-quadruplex telomeric DNA FEBR1T (5'-duplex GGG TTAGGG TTAGGG TTAGGG-3') assessed as stabilization by measuring change in melting temperature at 10 uM in potassium buffer by FRET melting assay";"B";"BAO_0000225";"nucleic acid format";"Trypanosoma brucei";"None";"None";"None";"None";"";"";"";"CHEMBL5209894";"Quadruplex DNA";"";"NUCLEIC-ACID";"CHEMBL5108010";"1";"Scientific Literature";"Bioorg Med Chem";"2022";"None";"Dose = 10.0 microM";"STABILISER";"";"0.7"
"CHEMBL5568505";"";"None";"494.66";"1";"6.71";"10b";"CCCCN(CCCC)CCCOc1ccc2nc3c(oc4ccc(F)cc43)c(NCCCN)c2c1";"Activity";"";"";"";"";"";"";"";"";"";"";"";"0";"CHEMBL5515778";"Thermal stabilization of KRAS G4 (unknown origin)";"B";"BAO_0000225";"nucleic acid format";"Not specified";"None";"None";"None";"None";"";"";"";"CHEMBL5209894";"Quadruplex DNA";"";"NUCLEIC-ACID";"CHEMBL5512663";"1";"Scientific Literature";"Eur J Med Chem";"2024";"None";"";"";"Not active";""
"CHEMBL5557339";"";"None";"370.37";"1";"-0.23";"3b";"OC[C@@H](O)[C@H](O)[C@H](O)[C@@H](O)c1nc2c3cccnc3c3ncccc3c2[nH]1";"Delta Tm";"'='";"1.5";"degrees C";"";"";"";"UO_0000027";"";"";"";"";"0";"CHEMBL5524149";"Thermal stabilization of FAM/TAMRA-labeled human telomeric quadruplex DNA F21T assessed as change in melting temperature at 8 uM by FRET assay";"B";"BAO_0000225";"nucleic acid format";"Homo sapiens";"None";"None";"None";"None";"";"";"";"CHEMBL5209894";"Quadruplex DNA";"";"NUCLEIC-ACID";"CHEMBL5523683";"1";"Scientific Literature";"Bioorg Med Chem";"2024";"None";"DOSE = 8.0 microM";"STABILISER";"";"1.5"
"CHEMBL5266625";"";"None";"374.46";"0";"4.77";"4I";"O=c1oc2c3c4c(cc2cc1-c1nc2ccccc2s1)CCCN4CCC3";"Kd";"'='";"2000.0";"nM";"5.70";"";"";"UO_0000065";"";"";"";"";"0";"CHEMBL5235455";"Binding affinity to MYC G4-quadruplex DNA (unknown origin) assessed as dissociation constant";"B";"BAO_0000225";"nucleic acid format";"Not specified";"None";"None";"None";"None";"";"";"";"CHEMBL5209894";"Quadruplex DNA";"";"NUCLEIC-ACID";"CHEMBL5233264";"1";"Scientific Literature";"Eur J Med Chem";"2021";"None";"";"BINDING AGENT";"";"2.0"
"CHEMBL5288584";"";"None";"580.73";"2";"7.66";"NMM";"CCC1=C(C)c2cc3c(C)c(CCC(=O)O)c(cc4nc(cc5[nH]c(cc1n2)c(C)c5CC)C(C)=C4CCC(=O)O)n3C";"Activity";"";"";"";"";"";"";"";"";"";"";"";"0";"CHEMBL5243804";"Stabilization and preservation of G-quadruplex homo-purine guanine-rich GA3 (AGGGAAAAGGGGAGGGAAAAGGGGA) DNA (unknown origin) parallel structure conformation at 2 equivalents in 100K buffer by native PAGE analysis";"B";"BAO_0000225";"nucleic acid format";"Not specified";"None";"None";"None";"None";"";"";"";"CHEMBL5209894";"Quadruplex DNA";"";"NUCLEIC-ACID";"CHEMBL5241123";"1";"Scientific Literature";"Bioorg Med Chem";"2023";"None";"DOSE = 2.0 equiv";"STABILISER";"Active";""
"CHEMBL5288584";"";"None";"580.73";"2";"7.66";"NMM";"CCC1=C(C)c2cc3c(C)c(CCC(=O)O)c(cc4nc(cc5[nH]c(cc1n2)c(C)c5CC)C(C)=C4CCC(=O)O)n3C";"Delta Tm";"'='";"13.1";"degrees C";"";"";"";"UO_0000027";"";"";"";"";"0";"CHEMBL5243806";"Stabilization and preservation of G-quadruplex homo-purine guanine-rich GA2 (GAGGGAGGGAAAAGGGGAGGGA) DNA (unknown origin) parallel structure conformation assessed as increase in melting temperature at 2 equivalents in 100K buffer by UV-Visible melting analysis";"B";"BAO_0000225";"nucleic acid format";"Not specified";"None";"None";"None";"None";"";"";"";"CHEMBL5209894";"Quadruplex DNA";"";"NUCLEIC-ACID";"CHEMBL5241123";"1";"Scientific Literature";"Bioorg Med Chem";"2023";"None";"DOSE = 2.0 equiv";"STABILISER";"";"13.1"
"CHEMBL2008925";"";"None";"471.44";"0";"4.37";"5; QQ58";"N[C@H]1CCN(c2c(F)cc3c(=O)c(C(=O)O)cn4c3c2Oc2cc3c(cc2-4)oc2ccccc23)C1";"Activity";"";"";"";"";"";"";"";"";"";"";"";"0";"CHEMBL5225123";"Binding affinity to G4-quadruplex DNA (unknown origin) assessed as inhibition of Taq polymerase at G4 site on DNA template at 0.01 to 10 uM by autoradiogram";"B";"BAO_0000225";"nucleic acid format";"Not specified";"None";"None";"None";"None";"";"";"";"CHEMBL5209894";"Quadruplex DNA";"";"NUCLEIC-ACID";"CHEMBL5223131";"1";"Scientific Literature";"Bioorg Med Chem Lett";"2022";"None";"DOSE_Lower = 0.01 microM | DOSE_Upper = 10.0 microM";"INHIBITOR";"Active";""
"CHEMBL5181176";"";"None";"546.67";"1";"1.31";"1";"CN1CCN(CCCN2C(=O)c3ccc4c5c(ccc(c35)C2=O)C(=O)N(CCCN2CCN(C)CC2)C4=O)CC1";"Delta Tm";"'='";"11.0";"degrees C";"";"";"";"UO_0000027";"";"";"";"";"0";"CHEMBL5110054";"Binding affinity to Trypanosoma brucei G-quadruplex telomeric DNA FEBR1T (5'-duplex GGG TTAGGG TTAGGG TTAGGG-3') assessed as stabilization by measuring change in melting temperature at 10 uM in potassium buffer by FRET melting assay";"B";"BAO_0000225";"nucleic acid format";"Trypanosoma brucei";"None";"None";"None";"None";"";"";"";"CHEMBL5209894";"Quadruplex DNA";"";"NUCLEIC-ACID";"CHEMBL5108010";"1";"Scientific Literature";"Bioorg Med Chem";"2022";"None";"Dose = 10.0 microM";"STABILISER";"";"11.0"
"CHEMBL5184429";"";"None";"574.73";"1";"2.08";"4";"CN1CCN(C(C)(C)CN2C(=O)c3ccc4c5c(ccc(c35)C2=O)C(=O)N(CC(C)(C)N2CCN(C)CC2)C4=O)CC1";"Delta Tm";"'='";"4.0";"degrees C";"";"";"";"UO_0000027";"";"";"";"";"0";"CHEMBL5110054";"Binding affinity to Trypanosoma brucei G-quadruplex telomeric DNA FEBR1T (5'-duplex GGG TTAGGG TTAGGG TTAGGG-3') assessed as stabilization by measuring change in melting temperature at 10 uM in potassium buffer by FRET melting assay";"B";"BAO_0000225";"nucleic acid format";"Trypanosoma brucei";"None";"None";"None";"None";"";"";"";"CHEMBL5209894";"Quadruplex DNA";"";"NUCLEIC-ACID";"CHEMBL5108010";"1";"Scientific Literature";"Bioorg Med Chem";"2022";"None";"Dose = 10.0 microM";"STABILISER";"";"4.0"
"CHEMBL5182705";"";"None";"588.62";"1";"4.11";"12";"O=C1c2ccc3c4c(ccc(c24)C(=O)N1c1ccc(N2CCOCC2)cc1)C(=O)N(c1ccc(N2CCOCC2)cc1)C3=O";"deltaTm";"";"";"";"";"";"ND";"";"";"";"";"";"0";"CHEMBL5110054";"Binding affinity to Trypanosoma brucei G-quadruplex telomeric DNA FEBR1T (5'-duplex GGG TTAGGG TTAGGG TTAGGG-3') assessed as stabilization by measuring change in melting temperature at 10 uM in potassium buffer by FRET melting assay";"B";"BAO_0000225";"nucleic acid format";"Trypanosoma brucei";"None";"None";"None";"None";"";"";"";"CHEMBL5209894";"Quadruplex DNA";"";"NUCLEIC-ACID";"CHEMBL5108010";"1";"Scientific Literature";"Bioorg Med Chem";"2022";"None";"Dose = 10.0 microM";"";"";""
"CHEMBL5201936";"";"None";"704.26";"0";"2.09";"15";"C[n+]1cccc(N2C(=O)c3ccc4c5c(ccc(c35)C2=O)C(=O)N(c2ccc[n+](C)c2)C4=O)c1.[I-].[I-]";"Delta Tm";"'='";"0.7";"degrees C";"";"";"";"UO_0000027";"";"";"";"";"0";"CHEMBL5110054";"Binding affinity to Trypanosoma brucei G-quadruplex telomeric DNA FEBR1T (5'-duplex GGG TTAGGG TTAGGG TTAGGG-3') assessed as stabilization by measuring change in melting temperature at 10 uM in potassium buffer by FRET melting assay";"B";"BAO_0000225";"nucleic acid format";"Trypanosoma brucei";"None";"None";"None";"None";"";"";"";"CHEMBL5209894";"Quadruplex DNA";"";"NUCLEIC-ACID";"CHEMBL5108010";"1";"Scientific Literature";"Bioorg Med Chem";"2022";"None";"Dose = 10.0 microM";"STABILISER";"";"0.7"
"CHEMBL5178253";"";"None";"804.38";"1";"4.40";"19";"C[n+]1cccc2cc(N3C(=O)c4ccc5c6c(ccc(c46)C3=O)C(=O)N(c3ccc4c(ccc[n+]4C)c3)C5=O)ccc21.[I-].[I-]";"Delta Tm";"'='";"2.5";"degrees C";"";"";"";"UO_0000027";"";"";"";"";"0";"CHEMBL5110054";"Binding affinity to Trypanosoma brucei G-quadruplex telomeric DNA FEBR1T (5'-duplex GGG TTAGGG TTAGGG TTAGGG-3') assessed as stabilization by measuring change in melting temperature at 10 uM in potassium buffer by FRET melting assay";"B";"BAO_0000225";"nucleic acid format";"Trypanosoma brucei";"None";"None";"None";"None";"";"";"";"CHEMBL5209894";"Quadruplex DNA";"";"NUCLEIC-ACID";"CHEMBL5108010";"1";"Scientific Literature";"Bioorg Med Chem";"2022";"None";"Dose = 10.0 microM";"STABILISER";"";"2.5"
"CHEMBL5612878";"";"None";"798.60";"2";"8.81";"L3";"Cc1sc(-c2cccc3cc[n+](C)cc23)cc1C1=C(c2cc(-c3cccc4cc[n+](C)cc34)sc2C)CCC1.[I-].[I-]";"Delta Tm";"'='";"6.98";"degrees C";"";"";"";"UO_0000027";"";"";"";"";"0";"CHEMBL5609051";"Binding affinity to Trypanosoma cruzi G-quadruplex RCr DNA (FAM-5'-GGGGACGGGAATGGGGGTGCATGAGGGG-3'-TAMRA) assessed as increase in melting temperature at DNA:compound concentration ratio of 1:2 by CD melting assay";"B";"BAO_0000225";"nucleic acid format";"Trypanosoma cruzi";"None";"None";"None";"None";"";"";"";"CHEMBL5209894";"Quadruplex DNA";"";"NUCLEIC-ACID";"CHEMBL5608180";"1";"Scientific Literature";"Eur J Med Chem";"2024";"None";"";"STABILISER";"";"6.98"
"CHEMBL5612878";"";"None";"798.60";"2";"8.81";"L3";"Cc1sc(-c2cccc3cc[n+](C)cc23)cc1C1=C(c2cc(-c3cccc4cc[n+](C)cc34)sc2C)CCC1.[I-].[I-]";"Activity";"";"";"";"";"";"";"";"";"";"";"";"0";"CHEMBL5609052";"Binding affinity to Trypanosoma cruzi G-quadruplex MCr DNA (FAM-5'-GTGGAGGGGGAGGGTCATGGGG-3'-TAMRA) at DNA:compound concentration ratio of 1:1 to 1:2 by CD melting assay";"B";"BAO_0000225";"nucleic acid format";"Trypanosoma cruzi";"None";"None";"None";"None";"";"";"";"CHEMBL5209894";"Quadruplex DNA";"";"NUCLEIC-ACID";"CHEMBL5608180";"1";"Scientific Literature";"Eur J Med Chem";"2024";"None";"";"STABILISER";"Active";""
"CHEMBL5612878";"";"None";"798.60";"2";"8.81";"L3";"Cc1sc(-c2cccc3cc[n+](C)cc23)cc1C1=C(c2cc(-c3cccc4cc[n+](C)cc34)sc2C)CCC1.[I-].[I-]";"Activity";"";"";"";"";"";"";"";"";"";"";"";"0";"CHEMBL5609053";"Binding affinity to Trypanosoma cruzi G-quadruplex RCr DNA (FAM-5'-GGGGACGGGAATGGGGGTGCATGAGGGG-3'-TAMRA) assessed as decrease in absorption with shift to higher wavelength at 25 uM by UV-Vis spectrophotometric analysis";"B";"BAO_0000225";"nucleic acid format";"Trypanosoma cruzi";"None";"None";"None";"None";"";"";"";"CHEMBL5209894";"Quadruplex DNA";"";"NUCLEIC-ACID";"CHEMBL5608180";"1";"Scientific Literature";"Eur J Med Chem";"2024";"None";"DOSE = 25.0 microM";"STABILISER";"Active";""
"CHEMBL5613617";"";"None";"514.72";"2";"8.97";"L4";"C[C@]12SC(c3ccc4cccnc4c3)=CC1=C1CCCC1=C1C=C(c3ccc4cccnc4c3)S[C@@]12C";"Activity";"";"";"";"";"";"";"";"";"";"";"";"0";"CHEMBL5609055";"Binding affinity to Trypanosoma cruzi G-quadruplex RCr DNA (FAM-5'-GGGGACGGGAATGGGGGTGCATGAGGGG-3'-TAMRA) assessed as decrease in absorption with shift to higher wavelength at 30 uM by UV-Vis spectrophotometric analysis";"B";"BAO_0000225";"nucleic acid format";"Trypanosoma cruzi";"None";"None";"None";"None";"";"";"";"CHEMBL5209894";"Quadruplex DNA";"";"NUCLEIC-ACID";"CHEMBL5608180";"1";"Scientific Literature";"Eur J Med Chem";"2024";"None";"DOSE = 30.0 microM";"STABILISER";"Active";""
"CHEMBL6133420";"";"None";"592.46";"None";"None";"11i";"N#C[Se]CCCOc1ccc2cc(C(=O)N3N=C(c4ccc(F)cc4)CC3c3ccc(F)cc3)c(=O)oc2c1";"Kd";"'='";"78.5";"nM";"7.11";"";"";"UO_0000065";"";"";"";"";"0";"CHEMBL6105328";"Binding affinity to BCL-2 G4 DNA (unknown origin) assessed as dissociation constant by SPR analysis";"B";"BAO_0000225";"nucleic acid format";"Not specified";"None";"None";"None";"None";"";"";"";"CHEMBL5209894";"Quadruplex DNA";"";"NUCLEIC-ACID";"CHEMBL6103579";"1";"Scientific Literature";"Eur J Med Chem";"2025";"None";"";"BINDING AGENT";"";"7.85"
"CHEMBL5288584";"";"None";"580.73";"2";"7.66";"NMM";"CCC1=C(C)c2cc3c(C)c(CCC(=O)O)c(cc4nc(cc5[nH]c(cc1n2)c(C)c5CC)C(C)=C4CCC(=O)O)n3C";"Delta Tm";"'='";"7.0";"degrees C";"";"";"";"UO_0000027";"";"";"";"";"0";"CHEMBL5243807";"Stabilization and preservation of G-quadruplex homo-purine guanine-rich GA3 (AGGGAAAAGGGGAGGGAAAAGGGGA) DNA (unknown origin) parallel structure conformation assessed as increase in melting temperature at 2 equivalents in 100K buffer by UV-Visible melting analysis";"B";"BAO_0000225";"nucleic acid format";"Not specified";"None";"None";"None";"None";"";"";"";"CHEMBL5209894";"Quadruplex DNA";"";"NUCLEIC-ACID";"CHEMBL5241123";"1";"Scientific Literature";"Bioorg Med Chem";"2023";"None";"DOSE = 2.0 equiv";"STABILISER";"";"7.0"
"CHEMBL5288584";"";"None";"580.73";"2";"7.66";"NMM";"CCC1=C(C)c2cc3c(C)c(CCC(=O)O)c(cc4nc(cc5[nH]c(cc1n2)c(C)c5CC)C(C)=C4CCC(=O)O)n3C";"deltaH";"'='";"81.0";"kJ/mol";"";"";"";"";"";"";"";"";"0";"CHEMBL5243810";"Stabilization and preservation of G-quadruplex homo-purine guanine-rich GA1 (GAGGGAGGGAGGGAAAAGGGGA) DNA (unknown origin) parallel structure conformation assessed as increase in enthalpy change associated with melting transition at 2 equivalents in 100K buffer by UV-Visible melting analysis";"B";"BAO_0000225";"nucleic acid format";"Not specified";"None";"None";"None";"None";"";"";"";"CHEMBL5209894";"Quadruplex DNA";"";"NUCLEIC-ACID";"CHEMBL5241123";"1";"Scientific Literature";"Bioorg Med Chem";"2023";"None";"DOSE = 2.0 equiv";"STABILISER";"";"81.0"
"CHEMBL5612878";"";"None";"798.60";"2";"8.81";"L3";"Cc1sc(-c2cccc3cc[n+](C)cc23)cc1C1=C(c2cc(-c3cccc4cc[n+](C)cc34)sc2C)CCC1.[I-].[I-]";"Delta Tm";"'='";"14.0";"degrees C";"";"";"";"UO_0000027";"";"";"";"";"0";"CHEMBL5609040";"Stabilization of Trypanosoma cruzi G-quadruplex MCr DNA (FAM-5'-GTGGAGGGGGAGGGTCATGGGG-3'-TAMRA) assessed as change in apparent melting temperature at 5 uM by FRET melting analysis";"B";"BAO_0000225";"nucleic acid format";"Trypanosoma cruzi";"None";"None";"None";"None";"";"";"";"CHEMBL5209894";"Quadruplex DNA";"";"NUCLEIC-ACID";"CHEMBL5608180";"1";"Scientific Literature";"Eur J Med Chem";"2024";"None";"DOSE = 5.0 microM";"STABILISER";"";"14.0"
"CHEMBL5613617";"";"None";"514.72";"2";"8.97";"L4";"C[C@]12SC(c3ccc4cccnc4c3)=CC1=C1CCCC1=C1C=C(c3ccc4cccnc4c3)S[C@@]12C";"Activity";"";"";"";"";"";"";"";"";"";"";"";"0";"CHEMBL5609045";"Stabilization of Trypanosoma cruzi G-quadruplex RCr DNA (FAM-5'-GGGGACGGGAATGGGGGTGCATGAGGGG-3'-TAMRA) at 10 uM by FRET melting analysis";"B";"BAO_0000225";"nucleic acid format";"Trypanosoma cruzi";"None";"None";"None";"None";"";"";"";"CHEMBL5209894";"Quadruplex DNA";"";"NUCLEIC-ACID";"CHEMBL5608180";"1";"Scientific Literature";"Eur J Med Chem";"2024";"None";"DOSE = 10.0 microM";"STABILISER";"Active";""
"CHEMBL5612878";"";"None";"798.60";"2";"8.81";"L3";"Cc1sc(-c2cccc3cc[n+](C)cc23)cc1C1=C(c2cc(-c3cccc4cc[n+](C)cc34)sc2C)CCC1.[I-].[I-]";"Activity";"";"";"";"";"";"";"";"";"";"";"";"0";"CHEMBL5609048";"Binding affinity to Trypanosoma cruzi G-quadruplex RCr DNA (FAM-5'-GGGGACGGGAATGGGGGTGCATGAGGGG-3'-TAMRA) assessed as broadening of imino proton signals with delta shift at 1 equiv. by 1H-NMR analysis";"B";"BAO_0000225";"nucleic acid format";"Trypanosoma cruzi";"None";"None";"None";"None";"";"";"";"CHEMBL5209894";"Quadruplex DNA";"";"NUCLEIC-ACID";"CHEMBL5608180";"1";"Scientific Literature";"Eur J Med Chem";"2024";"None";"DOSE = 1.0 equiv";"STABILISER";"Active";""
"CHEMBL5613617";"";"None";"514.72";"2";"8.97";"L4";"C[C@]12SC(c3ccc4cccnc4c3)=CC1=C1CCCC1=C1C=C(c3ccc4cccnc4c3)S[C@@]12C";"Activity";"";"";"";"";"";"";"";"";"";"";"";"0";"CHEMBL5609052";"Binding affinity to Trypanosoma cruzi G-quadruplex MCr DNA (FAM-5'-GTGGAGGGGGAGGGTCATGGGG-3'-TAMRA) at DNA:compound concentration ratio of 1:1 to 1:2 by CD melting assay";"B";"BAO_0000225";"nucleic acid format";"Trypanosoma cruzi";"None";"None";"None";"None";"";"";"";"CHEMBL5209894";"Quadruplex DNA";"";"NUCLEIC-ACID";"CHEMBL5608180";"1";"Scientific Literature";"Eur J Med Chem";"2024";"None";"";"STABILISER";"Active";""
"CHEMBL4079866";"";"None";"694.75";"2";"-0.89";"3";"CN(C)CCCN1C(=O)c2ccc3c4c(c(NCc5cn([C@@H]6O[C@H](CO)[C@@H](O)[C@H](O)[C@H]6O)nn5)cc(c24)C1=O)C(=O)N(CCCN(C)C)C3=O";"Delta Tm";"'='";"11.0";"degrees C";"";"";"";"UO_0000027";"";"";"";"";"0";"CHEMBL5505348";"Stabilization of Trypanosoma brucei ERB1 G4 DNA assessed as change in melting temperature at 1 uM by FRET assay";"B";"BAO_0000225";"nucleic acid format";"Trypanosoma brucei";"None";"None";"None";"None";"";"";"";"CHEMBL5209894";"Quadruplex DNA";"";"NUCLEIC-ACID";"CHEMBL5500418";"1";"Scientific Literature";"J Med Chem";"2024";"None";"DOSE = 1.0 microM";"STABILISER";"";"11.0"
"CHEMBL5505832";"";"None";"625.73";"1";"2.63";"16";"CCCNC(=O)c1ccc2[nH]c3c([nH]c2c1)c1c(=O)n(CCCN(C)C)c(=O)c2ccc4c(=O)n(CCCN(C)C)c(=O)c3c4c21";"Delta Tm";"'='";"26.0";"degrees C";"";"";"";"UO_0000027";"";"";"";"";"0";"CHEMBL5505352";"Stabilization of Trypanosoma brucei ERB1 G4 DNA assessed as change in melting temperature at 292 nm wavelength at 5 uM by CD spectroscopy";"B";"BAO_0000225";"nucleic acid format";"Trypanosoma brucei";"None";"None";"None";"None";"";"";"";"CHEMBL5209894";"Quadruplex DNA";"";"NUCLEIC-ACID";"CHEMBL5500418";"1";"Scientific Literature";"J Med Chem";"2024";"None";"DOSE = 5.0 microM";"STABILISER";"";"26.0"
"CHEMBL5288584";"";"None";"580.73";"2";"7.66";"NMM";"CCC1=C(C)c2cc3c(C)c(CCC(=O)O)c(cc4nc(cc5[nH]c(cc1n2)c(C)c5CC)C(C)=C4CCC(=O)O)n3C";"Activity";"'='";"21.0";"%";"";"";"";"UO_0000187";"";"";"";"";"0";"CHEMBL5243818";"Binding affinity to G-quadruplex homo-purine guanine-rich GA1 (GAGGGAGGGAGGGAAAAGGGGA) DNA (unknown origin) assessed as hypochromicity at 3.3 uM in 5K buffer by UV-Vis titration based analysis";"B";"BAO_0000225";"nucleic acid format";"Not specified";"None";"None";"None";"None";"";"";"";"CHEMBL5209894";"Quadruplex DNA";"";"NUCLEIC-ACID";"CHEMBL5241123";"1";"Scientific Literature";"Bioorg Med Chem";"2023";"None";"DOSE = 3.3 microM";"";"";"21.0"
"CHEMBL5288584";"";"None";"580.73";"2";"7.66";"NMM";"CCC1=C(C)c2cc3c(C)c(CCC(=O)O)c(cc4nc(cc5[nH]c(cc1n2)c(C)c5CC)C(C)=C4CCC(=O)O)n3C";"Ka";"'='";"0.36";"/uM";"";"";"";"";"";"";"";"";"0";"CHEMBL5243832";"Binding affinity to G-quadruplex homo-purine guanine-rich GA2 (GAGGGAGGGAAAAGGGGAGGGA) DNA (unknown origin) at DNA:compound concentration ratio of 1:2 in 5K buffer by fluorescence titration based analysis";"B";"BAO_0000225";"nucleic acid format";"Not specified";"None";"None";"None";"None";"";"";"";"CHEMBL5209894";"Quadruplex DNA";"";"NUCLEIC-ACID";"CHEMBL5241123";"1";"Scientific Literature";"Bioorg Med Chem";"2023";"None";"";"STABILISER";"";"0.36"
"CHEMBL295124";"BERBERINE";"4.0";"336.37";"0";"3.10";"1";"COc1ccc2cc3[n+](cc2c1OC)CCc1cc2c(cc1-3)OCO2";"Delta Tm";"'='";"1.6";"degrees C";"";"";"";"UO_0000027";"";"";"";"";"0";"CHEMBL5243947";"Binding affinity to c-MYC G4-quadruplex DNA (unknown origin) using fluorescent tagged FPu18T model assessed as stabilization by measuring change in melting temperature at 2 uM by fluorescence based analysis";"B";"BAO_0000225";"nucleic acid format";"Not specified";"None";"None";"None";"None";"";"";"";"CHEMBL5209894";"Quadruplex DNA";"";"NUCLEIC-ACID";"CHEMBL5241127";"1";"Scientific Literature";"Bioorg Med Chem";"2023";"None";"DOSE = 2.0 microM";"STABILISER";"";"1.6"
"CHEMBL5289710";"";"None";"564.17";"2";"6.34";"6a";"CCCCCCCCc1c2[n+](c3c4c(c(OC)ccc14)N(CCN(C)C)C=C3)CCc1cc3c(cc1-2)OCO3.[Cl-]";"Delta Tm";"'='";"21.8";"degrees C";"";"";"";"UO_0000027";"";"";"";"";"0";"CHEMBL5243947";"Binding affinity to c-MYC G4-quadruplex DNA (unknown origin) using fluorescent tagged FPu18T model assessed as stabilization by measuring change in melting temperature at 2 uM by fluorescence based analysis";"B";"BAO_0000225";"nucleic acid format";"Not specified";"None";"None";"None";"None";"";"";"";"CHEMBL5209894";"Quadruplex DNA";"";"NUCLEIC-ACID";"CHEMBL5241127";"1";"Scientific Literature";"Bioorg Med Chem";"2023";"None";"DOSE = 2.0 microM";"STABILISER";"";"21.8"
"CHEMBL5613617";"";"None";"514.72";"2";"8.97";"L4";"C[C@]12SC(c3ccc4cccnc4c3)=CC1=C1CCCC1=C1C=C(c3ccc4cccnc4c3)S[C@@]12C";"Delta Tm";"'='";"17.0";"degrees C";"";"";"";"UO_0000027";"";"";"";"";"0";"CHEMBL5609041";"Stabilization of Trypanosoma cruzi G-quadruplex TCr DNA (FAM-5'-GGGAGGGACGGATGGGCAGAAACGGG-3'-TAMRA) assessed as change in apparent melting temperature at 5 uM by FRET melting analysis";"B";"BAO_0000225";"nucleic acid format";"Trypanosoma cruzi";"None";"None";"None";"None";"";"";"";"CHEMBL5209894";"Quadruplex DNA";"";"NUCLEIC-ACID";"CHEMBL5608180";"1";"Scientific Literature";"Eur J Med Chem";"2024";"None";"DOSE = 5.0 microM";"STABILISER";"";"17.0"
"CHEMBL5612878";"";"None";"798.60";"2";"8.81";"L3";"Cc1sc(-c2cccc3cc[n+](C)cc23)cc1C1=C(c2cc(-c3cccc4cc[n+](C)cc34)sc2C)CCC1.[I-].[I-]";"Activity";"";"";"";"";"";"";"";"";"";"";"";"0";"CHEMBL5609045";"Stabilization of Trypanosoma cruzi G-quadruplex RCr DNA (FAM-5'-GGGGACGGGAATGGGGGTGCATGAGGGG-3'-TAMRA) at 10 uM by FRET melting analysis";"B";"BAO_0000225";"nucleic acid format";"Trypanosoma cruzi";"None";"None";"None";"None";"";"";"";"CHEMBL5209894";"Quadruplex DNA";"";"NUCLEIC-ACID";"CHEMBL5608180";"1";"Scientific Literature";"Eur J Med Chem";"2024";"None";"DOSE = 10.0 microM";"STABILISER";"Active";""
"CHEMBL5265815";"";"None";"549.75";"2";"5.52";"IZTZ-1";"CN1CCN(c2ccc(-c3nc(-c4nc5ccccc5s4)[nH]c3-c3ccc(N4CCN(C)CC4)cc3)cc2)CC1";"Kd";"'='";"2000.0";"nM";"5.70";"";"";"UO_0000065";"";"";"";"";"0";"CHEMBL5235455";"Binding affinity to MYC G4-quadruplex DNA (unknown origin) assessed as dissociation constant";"B";"BAO_0000225";"nucleic acid format";"Not specified";"None";"None";"None";"None";"";"";"";"CHEMBL5209894";"Quadruplex DNA";"";"NUCLEIC-ACID";"CHEMBL5233264";"1";"Scientific Literature";"Eur J Med Chem";"2021";"None";"";"BINDING AGENT";"";"2.0"
"CHEMBL5561199";"";"None";"354.37";"0";"0.80";"3e";"C[C@H](O)[C@H](O)[C@@H](O)[C@@H](O)c1nc2c3cccnc3c3ncccc3c2[nH]1";"Delta Tm";"'='";"0.0";"degrees C";"";"";"";"UO_0000027";"";"";"";"";"0";"CHEMBL5524149";"Thermal stabilization of FAM/TAMRA-labeled human telomeric quadruplex DNA F21T assessed as change in melting temperature at 8 uM by FRET assay";"B";"BAO_0000225";"nucleic acid format";"Homo sapiens";"None";"None";"None";"None";"";"";"";"CHEMBL5209894";"Quadruplex DNA";"";"NUCLEIC-ACID";"CHEMBL5523683";"1";"Scientific Literature";"Bioorg Med Chem";"2024";"None";"DOSE = 8.0 microM";"STABILISER";"";"0.0"
"CHEMBL7568";"QUINACRINE";"4.0";"399.97";"1";"5.97";"Quinacrine";"CCN(CC)CCCC(C)Nc1c2ccc(Cl)cc2nc2ccc(OC)cc12";"deltaTm1/2";"'>'";"20.0";"degrees C";"";"";"";"UO_0000027";"";"";"";"";"0";"CHEMBL6154553";"Thermal stabilization of c-Myc G4 quadruplex DNA (TGAGGGTGGGTAGGGTGGGTAA) (unknown origin) assessed as change in half-width of melting temperature incubated for 10 mins by circular dichroism analysis (Rvb = 70.6 +/- 0.1 degreeC)";"B";"BAO_0000225";"nucleic acid format";"Not specified";"None";"None";"None";"None";"";"";"";"CHEMBL5209894";"Quadruplex DNA";"";"NUCLEIC-ACID";"CHEMBL6153050";"1";"Scientific Literature";"Eur J Med Chem";"2025";"None";"TIME = 0.1667 hr";"";"";"20.0"
"CHEMBL1929396";"ANAGLIPTIN";"4.0";"383.46";"0";"0.65";"Anagliptin";"Cc1cc2ncc(C(=O)NCC(C)(C)NCC(=O)N3CCC[C@H]3C#N)cn2n1";"deltaTm1/2";"'='";"5.4";"degrees C";"";"";"";"UO_0000027";"";"";"";"";"0";"CHEMBL6154554";"Thermal stabilization of HER2 G4 quadruplex DNA (GGAGAAGGAGGAGGTGGAGGAGGAGGG) (unknown origin) assessed as change in half-width of melting temperature incubated for 10 mins by circular dichroism analysis (Rvb = 62.0 +/- 0.2 degreeC)";"B";"BAO_0000225";"nucleic acid format";"Not specified";"None";"None";"None";"None";"";"";"";"CHEMBL5209894";"Quadruplex DNA";"";"NUCLEIC-ACID";"CHEMBL6153050";"1";"Scientific Literature";"Eur J Med Chem";"2025";"None";"TIME = 0.1667 hr";"STABILISER";"";"5.4"
"CHEMBL639";"AZELASTINE";"4.0";"381.91";"0";"4.30";"Azelastine";"CN1CCCC(n2nc(Cc3ccc(Cl)cc3)c3ccccc3c2=O)CC1";"deltaTm1/2";"'='";"5.3";"degrees C";"";"";"";"UO_0000027";"";"";"";"";"0";"CHEMBL6154554";"Thermal stabilization of HER2 G4 quadruplex DNA (GGAGAAGGAGGAGGTGGAGGAGGAGGG) (unknown origin) assessed as change in half-width of melting temperature incubated for 10 mins by circular dichroism analysis (Rvb = 62.0 +/- 0.2 degreeC)";"B";"BAO_0000225";"nucleic acid format";"Not specified";"None";"None";"None";"None";"";"";"";"CHEMBL5209894";"Quadruplex DNA";"";"NUCLEIC-ACID";"CHEMBL6153050";"1";"Scientific Literature";"Eur J Med Chem";"2025";"None";"TIME = 0.1667 hr";"STABILISER";"";"5.3"
"CHEMBL6142957";"";"None";"451.48";"0";"3.65";"21";"O=C(NCc1ccccc1)c1ccc2[nH]c(=O)c3cc(=O)c(OCc4ccccc4)cn3c2c1";"Delta Tm";"'='";"3.7";"degrees C";"";"";"";"UO_0000027";"";"";"";"";"0";"CHEMBL6098786";"Stabilization of Parallel c-Myc G4-quadruplex DNA (5'-TGAGGGTGGGTAGGGTGGGTAA-3') (unknown origin) assessed as change in melting temperature at 5 equiv. by CD melting based analysis";"B";"BAO_0000225";"nucleic acid format";"Not specified";"None";"None";"None";"None";"";"";"";"CHEMBL5209894";"Quadruplex DNA";"";"NUCLEIC-ACID";"CHEMBL6096674";"1";"Scientific Literature";"J Med Chem";"2025";"None";"DOSE = 5.0 equiv";"STABILISER";"";"3.7"
"CHEMBL2111084";"BELOTECAN";"3.0";"433.51";"0";"2.62";"Belotecan";"CC[C@@]1(O)C(=O)OCc2c1cc1n(c2=O)Cc2c-1nc1ccccc1c2CCNC(C)C";"deltaTm1/2";"'='";"7.5";"degrees C";"";"";"";"UO_0000027";"";"";"";"";"0";"CHEMBL6154554";"Thermal stabilization of HER2 G4 quadruplex DNA (GGAGAAGGAGGAGGTGGAGGAGGAGGG) (unknown origin) assessed as change in half-width of melting temperature incubated for 10 mins by circular dichroism analysis (Rvb = 62.0 +/- 0.2 degreeC)";"B";"BAO_0000225";"nucleic acid format";"Not specified";"None";"None";"None";"None";"";"";"";"CHEMBL5209894";"Quadruplex DNA";"";"NUCLEIC-ACID";"CHEMBL6153050";"1";"Scientific Literature";"Eur J Med Chem";"2025";"None";"TIME = 0.1667 hr";"STABILISER";"";"7.5"
"CHEMBL3137312";"DASABUVIR";"4.0";"493.59";"0";"4.02";"Dasabuvir";"COc1c(-c2ccc3cc(NS(C)(=O)=O)ccc3c2)cc(-n2ccc(=O)[nH]c2=O)cc1C(C)(C)C";"deltaTm1/2";"'='";"4.5";"degrees C";"";"";"";"UO_0000027";"";"";"";"";"0";"CHEMBL6154554";"Thermal stabilization of HER2 G4 quadruplex DNA (GGAGAAGGAGGAGGTGGAGGAGGAGGG) (unknown origin) assessed as change in half-width of melting temperature incubated for 10 mins by circular dichroism analysis (Rvb = 62.0 +/- 0.2 degreeC)";"B";"BAO_0000225";"nucleic acid format";"Not specified";"None";"None";"None";"None";"";"";"";"CHEMBL5209894";"Quadruplex DNA";"";"NUCLEIC-ACID";"CHEMBL6153050";"1";"Scientific Literature";"Eur J Med Chem";"2025";"None";"TIME = 0.1667 hr";"STABILISER";"";"4.5"
"CHEMBL1510";"ELETRIPTAN";"4.0";"382.53";"0";"3.82";"Eletriptan";"CN1CCC[C@@H]1Cc1c[nH]c2ccc(CCS(=O)(=O)c3ccccc3)cc12";"deltaTm1/2";"'='";"6.0";"degrees C";"";"";"";"UO_0000027";"";"";"";"";"0";"CHEMBL6154555";"Thermal stabilization of NRAS G4 quadruplex DNA (TGGGAGGGGCGGGTCTGGGT) (unknown origin) assessed as change in half-width of melting temperature incubated for 10 mins by circular dichroism analysis (Rvb = 61.6 +/- 0.1 degreeC)";"B";"BAO_0000225";"nucleic acid format";"Not specified";"None";"None";"None";"None";"";"";"";"CHEMBL5209894";"Quadruplex DNA";"";"NUCLEIC-ACID";"CHEMBL6153050";"1";"Scientific Literature";"Eur J Med Chem";"2025";"None";"TIME = 0.1667 hr";"STABILISER";"";"6.0"
"CHEMBL1257051";"TEDIZOLID";"4.0";"370.34";"0";"1.40";"Tedizolid";"Cn1nnc(-c2ccc(-c3ccc(N4C[C@H](CO)OC4=O)cc3F)cn2)n1";"deltaTm1/2";"'='";"3.0";"degrees C";"";"";"";"UO_0000027";"";"";"";"";"0";"CHEMBL6154555";"Thermal stabilization of NRAS G4 quadruplex DNA (TGGGAGGGGCGGGTCTGGGT) (unknown origin) assessed as change in half-width of melting temperature incubated for 10 mins by circular dichroism analysis (Rvb = 61.6 +/- 0.1 degreeC)";"B";"BAO_0000225";"nucleic acid format";"Not specified";"None";"None";"None";"None";"";"";"";"CHEMBL5209894";"Quadruplex DNA";"";"NUCLEIC-ACID";"CHEMBL6153050";"1";"Scientific Literature";"Eur J Med Chem";"2025";"None";"TIME = 0.1667 hr";"STABILISER";"";"3.0"
"CHEMBL3137312";"DASABUVIR";"4.0";"493.59";"0";"4.02";"Dasabuvir";"COc1c(-c2ccc3cc(NS(C)(=O)=O)ccc3c2)cc(-n2ccc(=O)[nH]c2=O)cc1C(C)(C)C";"deltaTm1/2";"'='";"-0.7";"degrees C";"";"";"";"UO_0000027";"";"";"";"";"0";"CHEMBL6154556";"Thermal stabilization of YY1 G4 quadruplex DNA (GGGGGAAAGGGTGGGCAAGGG) (unknown origin) assessed as change in half-width of melting temperature incubated for 10 mins by circular dichroism analysis (Rvb = 60.6 +/- 0.1 degreeC)";"B";"BAO_0000225";"nucleic acid format";"Not specified";"None";"None";"None";"None";"";"";"";"CHEMBL5209894";"Quadruplex DNA";"";"NUCLEIC-ACID";"CHEMBL6153050";"1";"Scientific Literature";"Eur J Med Chem";"2025";"None";"TIME = 0.1667 hr";"";"";"-0.7"
"CHEMBL481";"IRINOTECAN";"4.0";"586.69";"1";"4.09";"Irinotecan";"CCc1c2c(nc3ccc(OC(=O)N4CCC(N5CCCCC5)CC4)cc13)-c1cc3c(c(=O)n1C2)COC(=O)[C@]3(O)CC";"deltaTm1/2";"'='";"14.8";"degrees C";"";"";"";"UO_0000027";"";"";"";"";"0";"CHEMBL6154556";"Thermal stabilization of YY1 G4 quadruplex DNA (GGGGGAAAGGGTGGGCAAGGG) (unknown origin) assessed as change in half-width of melting temperature incubated for 10 mins by circular dichroism analysis (Rvb = 60.6 +/- 0.1 degreeC)";"B";"BAO_0000225";"nucleic acid format";"Not specified";"None";"None";"None";"None";"";"";"";"CHEMBL5209894";"Quadruplex DNA";"";"NUCLEIC-ACID";"CHEMBL6153050";"1";"Scientific Literature";"Eur J Med Chem";"2025";"None";"TIME = 0.1667 hr";"STABILISER";"";"14.8"
"CHEMBL1257051";"TEDIZOLID";"4.0";"370.34";"0";"1.40";"Tedizolid";"Cn1nnc(-c2ccc(-c3ccc(N4C[C@H](CO)OC4=O)cc3F)cn2)n1";"deltaTm1/2";"'='";"2.3";"degrees C";"";"";"";"UO_0000027";"";"";"";"";"0";"CHEMBL6154556";"Thermal stabilization of YY1 G4 quadruplex DNA (GGGGGAAAGGGTGGGCAAGGG) (unknown origin) assessed as change in half-width of melting temperature incubated for 10 mins by circular dichroism analysis (Rvb = 60.6 +/- 0.1 degreeC)";"B";"BAO_0000225";"nucleic acid format";"Not specified";"None";"None";"None";"None";"";"";"";"CHEMBL5209894";"Quadruplex DNA";"";"NUCLEIC-ACID";"CHEMBL6153050";"1";"Scientific Literature";"Eur J Med Chem";"2025";"None";"TIME = 0.1667 hr";"STABILISER";"";"2.3"
"CHEMBL481";"IRINOTECAN";"4.0";"586.69";"1";"4.09";"Irinotecan";"CCc1c2c(nc3ccc(OC(=O)N4CCC(N5CCCCC5)CC4)cc13)-c1cc3c(c(=O)n1C2)COC(=O)[C@]3(O)CC";"TdeltaS";"'='";"21.8";"kJ/mol";"";"";"";"";"";"";"";"";"0";"CHEMBL6154595";"Binding affinity to c-Myc G4 quadruplex DNA (TGAGGGTGGGTAGGGTGGGTAA) (unknown origin) assessed as change in entropy by ITC analysis";"B";"BAO_0000225";"nucleic acid format";"Not specified";"None";"None";"None";"None";"";"";"";"CHEMBL5209894";"Quadruplex DNA";"";"NUCLEIC-ACID";"CHEMBL6153050";"1";"Scientific Literature";"Eur J Med Chem";"2025";"None";"";"STABILISER";"";"21.8"
"CHEMBL5571394";"";"None";"642.56";"2";"5.43";"15a";"CCN(CC)c1ccc2cc(/C=C/c3ccc4cc(F)c(NCCN5CCCC5)cc4[n+]3C)c(=O)oc2c1.[I-]";"Activity";"";"";"";"";"";"Dose-Dependent Effect";"";"";"";"";"";"0";"CHEMBL5541446";"Disruption of DHX36/KRAS rG-Quadruplex (unknown origin) by ELISA";"B";"BAO_0000225";"nucleic acid format";"Not specified";"None";"None";"None";"None";"";"";"";"CHEMBL5209894";"Quadruplex DNA";"";"NUCLEIC-ACID";"CHEMBL5537197";"1";"Scientific Literature";"J Med Chem";"2024";"None";"DOSE = 20.0 microM";"DISRUPTING AGENT";"";""
"CHEMBL6160989";"";"None";"384.39";"0";"-0.09";"19";"O=C(NCCN1CCOCC1)c1ccc2[nH]c(=O)c3cc(=O)c(O)cn3c2c1";"Delta Tm";"'='";"5.5";"degrees C";"";"";"";"UO_0000027";"";"";"";"";"0";"CHEMBL6098785";"Stabilization of Parallel c-Kit2 G4-quadruplex DNA (5'-CGGGCGGGCGCTAGGGAGGGT-3') (unknown origin) assessed as change in melting temperature at 5 equiv. by CD melting based analysis";"B";"BAO_0000225";"nucleic acid format";"Not specified";"None";"None";"None";"None";"";"";"";"CHEMBL5209894";"Quadruplex DNA";"";"NUCLEIC-ACID";"CHEMBL6096674";"1";"Scientific Literature";"J Med Chem";"2025";"None";"DOSE = 5.0 equiv";"STABILISER";"";"5.5"
"CHEMBL5187261";"";"None";"574.73";"1";"2.08";"5";"CC(CCN1C(=O)c2ccc3c4c(ccc(c24)C1=O)C(=O)N(CCC(C)N1CCN(C)CC1)C3=O)N1CCN(C)CC1";"Delta Tm";"'='";"24.8";"degrees C";"";"";"";"UO_0000027";"";"";"";"";"0";"CHEMBL5110054";"Binding affinity to Trypanosoma brucei G-quadruplex telomeric DNA FEBR1T (5'-duplex GGG TTAGGG TTAGGG TTAGGG-3') assessed as stabilization by measuring change in melting temperature at 10 uM in potassium buffer by FRET melting assay";"B";"BAO_0000225";"nucleic acid format";"Trypanosoma brucei";"None";"None";"None";"None";"";"";"";"CHEMBL5209894";"Quadruplex DNA";"";"NUCLEIC-ACID";"CHEMBL5108010";"1";"Scientific Literature";"Bioorg Med Chem";"2022";"None";"Dose = 10.0 microM";"STABILISER";"";"24.8"
"CHEMBL5189625";"";"None";"614.71";"1";"3.94";"8";"CN1CCN(c2cccc(N3C(=O)c4ccc5c6c(ccc(c46)C3=O)C(=O)N(c3cccc(N4CCN(C)CC4)c3)C5=O)c2)CC1";"Delta Tm";"'='";"4.6";"degrees C";"";"";"";"UO_0000027";"";"";"";"";"0";"CHEMBL5110054";"Binding affinity to Trypanosoma brucei G-quadruplex telomeric DNA FEBR1T (5'-duplex GGG TTAGGG TTAGGG TTAGGG-3') assessed as stabilization by measuring change in melting temperature at 10 uM in potassium buffer by FRET melting assay";"B";"BAO_0000225";"nucleic acid format";"Trypanosoma brucei";"None";"None";"None";"None";"";"";"";"CHEMBL5209894";"Quadruplex DNA";"";"NUCLEIC-ACID";"CHEMBL5108010";"1";"Scientific Literature";"Bioorg Med Chem";"2022";"None";"Dose = 10.0 microM";"STABILISER";"";"4.6"
"CHEMBL5208846";"";"None";"704.26";"0";"2.09";"16";"C[n+]1ccc(N2C(=O)c3ccc4c5c(ccc(c35)C2=O)C(=O)N(c2cc[n+](C)cc2)C4=O)cc1.[I-].[I-]";"Delta Tm";"'='";"-0.5";"degrees C";"";"";"";"UO_0000027";"";"";"";"";"0";"CHEMBL5110054";"Binding affinity to Trypanosoma brucei G-quadruplex telomeric DNA FEBR1T (5'-duplex GGG TTAGGG TTAGGG TTAGGG-3') assessed as stabilization by measuring change in melting temperature at 10 uM in potassium buffer by FRET melting assay";"B";"BAO_0000225";"nucleic acid format";"Trypanosoma brucei";"None";"None";"None";"None";"";"";"";"CHEMBL5209894";"Quadruplex DNA";"";"NUCLEIC-ACID";"CHEMBL5108010";"1";"Scientific Literature";"Bioorg Med Chem";"2022";"None";"Dose = 10.0 microM";"STABILISER";"";"-0.5"
"CHEMBL4594805";"";"None";"540.62";"1";"2.49";"14";"CN(C)CCCn1c(=O)c2ccc3c(=O)n(CCCN(C)C)c(=O)c4c5[nH]c6ccccc6[nH]c5c(c1=O)c2c34";"Delta Tm";"'='";"23.0";"degrees C";"";"";"";"UO_0000027";"";"";"";"";"0";"CHEMBL5505352";"Stabilization of Trypanosoma brucei ERB1 G4 DNA assessed as change in melting temperature at 292 nm wavelength at 5 uM by CD spectroscopy";"B";"BAO_0000225";"nucleic acid format";"Trypanosoma brucei";"None";"None";"None";"None";"";"";"";"CHEMBL5209894";"Quadruplex DNA";"";"NUCLEIC-ACID";"CHEMBL5500418";"1";"Scientific Literature";"J Med Chem";"2024";"None";"DOSE = 5.0 microM";"STABILISER";"";"23.0"
"CHEMBL6134545";"";"None";"556.49";"1";"7.88";"A2";"C[N+]1=C(/C=C/c2ccc(N(c3ccccc3)c3ccccc3)cc2)C(C)(C)c2ccccc21.[I-]";"Kd";"'='";"6300.0";"nM";"5.20";"";"";"UO_0000065";"";"";"";"";"0";"CHEMBL6074721";"Binding affinity to 3-terminal mt6363 DNA (unknown origin) assessed as dissociation constant by TAMRA-labeled G4 quenching assay";"B";"BAO_0000225";"nucleic acid format";"Not specified";"None";"None";"None";"None";"";"";"";"CHEMBL5209894";"Quadruplex DNA";"";"NUCLEIC-ACID";"CHEMBL6074620";"1";"Scientific Literature";"Eur J Med Chem";"2024";"None";"";"STABILISER";"";"6.3"
"CHEMBL6143816";"";"None";"600.50";"1";"7.32";"A4";"COc1ccc(N(c2ccc(/C=C/c3ccc4ccccc4[n+]3C)cc2)c2ccc(OC)cc2)cc1.[I-]";"Kd";"'='";"3200.0";"nM";"5.50";"";"";"UO_0000065";"";"";"";"";"0";"CHEMBL6074721";"Binding affinity to 3-terminal mt6363 DNA (unknown origin) assessed as dissociation constant by TAMRA-labeled G4 quenching assay";"B";"BAO_0000225";"nucleic acid format";"Not specified";"None";"None";"None";"None";"";"";"";"CHEMBL5209894";"Quadruplex DNA";"";"NUCLEIC-ACID";"CHEMBL6074620";"1";"Scientific Literature";"Eur J Med Chem";"2024";"None";"";"STABILISER";"";"3.2"
"CHEMBL6109011";"";"None";"606.55";"1";"9.03";"A3";"C[N+]1=C(/C=C/c2ccc(N(c3ccccc3)c3ccccc3)cc2)C(C)(C)c2c1ccc1ccccc21.[I-]";"Kd";"'='";"1400.0";"nM";"5.85";"";"";"UO_0000065";"";"";"";"";"0";"CHEMBL6074722";"Binding affinity to 5-terminal mt6363 DNA (unknown origin) assessed as dissociation constant by TAMRA-labeled G4 quenching assay";"B";"BAO_0000225";"nucleic acid format";"Not specified";"None";"None";"None";"None";"";"";"";"CHEMBL5209894";"Quadruplex DNA";"";"NUCLEIC-ACID";"CHEMBL6074620";"1";"Scientific Literature";"Eur J Med Chem";"2024";"None";"";"STABILISER";"";"1.4"
"CHEMBL5272398";"";"None";"1024.61";"3";"12.63";"3";"Cl.N=C(N)Nc1ccc(S(=O)(=O)c2ccc(NC(=N)NC(=O)Nc3ccc(-c4c5nc(c(-c6ccccc6)c6ccc([nH]6)c(-c6ccccc6)c6nc(c(-c7ccccc7)c7ccc4[nH]7)C=C6)C=C5)cc3)cc2)cc1";"Activity";"";"";"";"";"";"";"";"";"";"";"";"0";"CHEMBL5224624";"Binding affinity to c-KIT1 G4 quadruplex DNA (unknown origin) by CD spectroscopy analysis";"B";"BAO_0000225";"nucleic acid format";"Not specified";"None";"None";"None";"None";"";"";"";"CHEMBL5209894";"Quadruplex DNA";"";"NUCLEIC-ACID";"CHEMBL5223108";"1";"Scientific Literature";"Bioorg Med Chem Lett";"2022";"None";"";"";"Not active";""
"CHEMBL5439166";"";"None";"319.41";"0";"3.53";"MC-2";"CN(C)CCCn1cc(-c2ccc3[nH]c4ccccc4c3c2)nn1";"Delta Tm";"'<='";"5.5";"degrees C";"";"";"";"UO_0000027";"";"";"";"";"0";"CHEMBL5346257";"Stabilization of calf thymus G-quadruplex ds DNA 5-FAM-CAATCGGATCGAATTCGATCCGATTG-TAMRA-3 assessed as change in melting temperature at 1 uM incubated for 1 hr in dark condition by FRET-based melting assay";"B";"BAO_0000225";"nucleic acid format";"Bos taurus";"None";"None";"None";"None";"";"";"";"CHEMBL5209894";"Quadruplex DNA";"";"NUCLEIC-ACID";"CHEMBL5344453";"1";"Scientific Literature";"ACS Med Chem Lett";"2024";"None";"DOSE = 1.0 microM | TIME = 1.0 hr";"STABILISER";"";"5.5"
"CHEMBL5438453";"";"None";"320.40";"0";"3.80";"MD-9";"CN(C)CCCn1cc(-c2ccc3oc4ccccc4c3c2)nn1";"Delta Tm";"'<='";"6.0";"degrees C";"";"";"";"UO_0000027";"";"";"";"";"0";"CHEMBL5346257";"Stabilization of calf thymus G-quadruplex ds DNA 5-FAM-CAATCGGATCGAATTCGATCCGATTG-TAMRA-3 assessed as change in melting temperature at 1 uM incubated for 1 hr in dark condition by FRET-based melting assay";"B";"BAO_0000225";"nucleic acid format";"Bos taurus";"None";"None";"None";"None";"";"";"";"CHEMBL5209894";"Quadruplex DNA";"";"NUCLEIC-ACID";"CHEMBL5344453";"1";"Scientific Literature";"ACS Med Chem Lett";"2024";"None";"DOSE = 1.0 microM | TIME = 1.0 hr";"STABILISER";"";"6.0"
"CHEMBL5440772";"";"None";"326.36";"0";"4.42";"MD-10";"Nc1ccc(-n2cc(-c3ccc4oc5ccccc5c4c3)nn2)cc1";"Delta Tm";"'<='";"6.0";"degrees C";"";"";"";"UO_0000027";"";"";"";"";"0";"CHEMBL5346257";"Stabilization of calf thymus G-quadruplex ds DNA 5-FAM-CAATCGGATCGAATTCGATCCGATTG-TAMRA-3 assessed as change in melting temperature at 1 uM incubated for 1 hr in dark condition by FRET-based melting assay";"B";"BAO_0000225";"nucleic acid format";"Bos taurus";"None";"None";"None";"None";"";"";"";"CHEMBL5209894";"Quadruplex DNA";"";"NUCLEIC-ACID";"CHEMBL5344453";"1";"Scientific Literature";"ACS Med Chem Lett";"2024";"None";"DOSE = 1.0 microM | TIME = 1.0 hr";"STABILISER";"";"6.0"
"CHEMBL5197433";"";"None";"546.67";"1";"1.30";"3";"CC(CN1C(=O)c2ccc3c4c(ccc(c24)C1=O)C(=O)N(CC(C)N1CCN(C)CC1)C3=O)N1CCN(C)CC1";"Delta Tm";"'='";"17.5";"degrees C";"";"";"";"UO_0000027";"";"";"";"";"0";"CHEMBL5110054";"Binding affinity to Trypanosoma brucei G-quadruplex telomeric DNA FEBR1T (5'-duplex GGG TTAGGG TTAGGG TTAGGG-3') assessed as stabilization by measuring change in melting temperature at 10 uM in potassium buffer by FRET melting assay";"B";"BAO_0000225";"nucleic acid format";"Trypanosoma brucei";"None";"None";"None";"None";"";"";"";"CHEMBL5209894";"Quadruplex DNA";"";"NUCLEIC-ACID";"CHEMBL5108010";"1";"Scientific Literature";"Bioorg Med Chem";"2022";"None";"Dose = 10.0 microM";"STABILISER";"";"17.5"
"CHEMBL5198723";"";"None";"598.75";"1";"2.09";"6";"CN1CCN(CC2(CN3C(=O)c4ccc5c6c(ccc(c46)C3=O)C(=O)N(CC3(CN4CCN(C)CC4)CC3)C5=O)CC2)CC1";"Delta Tm";"'='";"15.5";"degrees C";"";"";"";"UO_0000027";"";"";"";"";"0";"CHEMBL5110054";"Binding affinity to Trypanosoma brucei G-quadruplex telomeric DNA FEBR1T (5'-duplex GGG TTAGGG TTAGGG TTAGGG-3') assessed as stabilization by measuring change in melting temperature at 10 uM in potassium buffer by FRET melting assay";"B";"BAO_0000225";"nucleic acid format";"Trypanosoma brucei";"None";"None";"None";"None";"";"";"";"CHEMBL5209894";"Quadruplex DNA";"";"NUCLEIC-ACID";"CHEMBL5108010";"1";"Scientific Literature";"Bioorg Med Chem";"2022";"None";"Dose = 10.0 microM";"STABILISER";"";"15.5"
"CHEMBL5201450";"";"None";"588.62";"1";"4.11";"13";"O=C1c2ccc3c4c(ccc(c24)C(=O)N1c1ccccc1N1CCOCC1)C(=O)N(c1ccccc1N1CCOCC1)C3=O";"deltaTm";"";"";"";"";"";"ND";"";"";"";"";"";"0";"CHEMBL5110054";"Binding affinity to Trypanosoma brucei G-quadruplex telomeric DNA FEBR1T (5'-duplex GGG TTAGGG TTAGGG TTAGGG-3') assessed as stabilization by measuring change in melting temperature at 10 uM in potassium buffer by FRET melting assay";"B";"BAO_0000225";"nucleic acid format";"Trypanosoma brucei";"None";"None";"None";"None";"";"";"";"CHEMBL5209894";"Quadruplex DNA";"";"NUCLEIC-ACID";"CHEMBL5108010";"1";"Scientific Literature";"Bioorg Med Chem";"2022";"None";"Dose = 10.0 microM";"";"";""
"CHEMBL5272398";"";"None";"1024.61";"3";"12.63";"3";"Cl.N=C(N)Nc1ccc(S(=O)(=O)c2ccc(NC(=N)NC(=O)Nc3ccc(-c4c5nc(c(-c6ccccc6)c6ccc([nH]6)c(-c6ccccc6)c6nc(c(-c7ccccc7)c7ccc4[nH]7)C=C6)C=C5)cc3)cc2)cc1";"Delta Tm";"'='";"-7.84";"degrees C";"";"";"";"UO_0000027";"";"";"";"";"0";"CHEMBL5224614";"Binding affinity to c-KIT1 G4 quadruplex DNA (unknown origin) assessed as change in melting temperature at 1:2 G4:ligand ratio by UV analysis (Rvb = 66.5 degreeC)";"B";"BAO_0000225";"nucleic acid format";"Not specified";"None";"None";"None";"None";"";"";"";"CHEMBL5209894";"Quadruplex DNA";"";"NUCLEIC-ACID";"CHEMBL5223108";"1";"Scientific Literature";"Bioorg Med Chem Lett";"2022";"None";"";"BINDING AGENT";"";"-7.84"
"CHEMBL5288584";"";"None";"580.73";"2";"7.66";"NMM";"CCC1=C(C)c2cc3c(C)c(CCC(=O)O)c(cc4nc(cc5[nH]c(cc1n2)c(C)c5CC)C(C)=C4CCC(=O)O)n3C";"Activity";"'='";"21.0";"nm";"";"";"";"UO_0000018";"";"";"";"";"0";"CHEMBL5243815";"Binding affinity to G-quadruplex homo-purine guanine-rich GA1 (GAGGGAGGGAGGGAAAAGGGGA) DNA (unknown origin) assessed as red shift at 3.3 uM in 5K buffer by UV-Vis titration based analysis";"B";"BAO_0000225";"nucleic acid format";"Not specified";"None";"None";"None";"None";"";"";"";"CHEMBL5209894";"Quadruplex DNA";"";"NUCLEIC-ACID";"CHEMBL5241123";"1";"Scientific Literature";"Bioorg Med Chem";"2023";"None";"DOSE = 3.3 microM";"STABILISER";"";"21.0"
"CHEMBL5288584";"";"None";"580.73";"2";"7.66";"NMM";"CCC1=C(C)c2cc3c(C)c(CCC(=O)O)c(cc4nc(cc5[nH]c(cc1n2)c(C)c5CC)C(C)=C4CCC(=O)O)n3C";"Activity";"'='";"21.3";"nm";"";"";"";"UO_0000018";"";"";"";"";"0";"CHEMBL5243816";"Binding affinity to G-quadruplex homo-purine guanine-rich GA2 (GAGGGAGGGAAAAGGGGAGGGA) DNA (unknown origin) assessed as red shift at 3.3 uM in 5K buffer by circular dichroism scan analysis";"B";"BAO_0000225";"nucleic acid format";"Not specified";"None";"None";"None";"None";"";"";"";"CHEMBL5209894";"Quadruplex DNA";"";"NUCLEIC-ACID";"CHEMBL5241123";"1";"Scientific Literature";"Bioorg Med Chem";"2023";"None";"DOSE = 3.3 microM";"STABILISER";"";"21.3"
"CHEMBL5288584";"";"None";"580.73";"2";"7.66";"NMM";"CCC1=C(C)c2cc3c(C)c(CCC(=O)O)c(cc4nc(cc5[nH]c(cc1n2)c(C)c5CC)C(C)=C4CCC(=O)O)n3C";"Ka";"'='";"0.96";"/uM";"";"";"";"";"";"";"";"";"0";"CHEMBL5243827";"Binding affinity to G-quadruplex homo-purine guanine-rich GA3 (AGGGAAAAGGGGAGGGAAAAGGGGA) DNA (unknown origin) at DNA:compound concentration ratio of 2:1 in 5K buffer by UV-Vis titration based analysis";"B";"BAO_0000225";"nucleic acid format";"Not specified";"None";"None";"None";"None";"";"";"";"CHEMBL5209894";"Quadruplex DNA";"";"NUCLEIC-ACID";"CHEMBL5241123";"1";"Scientific Literature";"Bioorg Med Chem";"2023";"None";"";"STABILISER";"";"0.96"
"CHEMBL5288584";"";"None";"580.73";"2";"7.66";"NMM";"CCC1=C(C)c2cc3c(C)c(CCC(=O)O)c(cc4nc(cc5[nH]c(cc1n2)c(C)c5CC)C(C)=C4CCC(=O)O)n3C";"Ka";"'='";"0.2";"/uM";"";"";"";"";"";"";"";"";"0";"CHEMBL5243833";"Binding affinity to G-quadruplex homo-purine guanine-rich GA3 (AGGGAAAAGGGGAGGGAAAAGGGGA) DNA (unknown origin) at DNA:compound concentration ratio of 1:2 in 5K buffer by fluorescence titration based analysis";"B";"BAO_0000225";"nucleic acid format";"Not specified";"None";"None";"None";"None";"";"";"";"CHEMBL5209894";"Quadruplex DNA";"";"NUCLEIC-ACID";"CHEMBL5241123";"1";"Scientific Literature";"Bioorg Med Chem";"2023";"None";"";"STABILISER";"";"0.2"
"CHEMBL5288584";"";"None";"580.73";"2";"7.66";"NMM";"CCC1=C(C)c2cc3c(C)c(CCC(=O)O)c(cc4nc(cc5[nH]c(cc1n2)c(C)c5CC)C(C)=C4CCC(=O)O)n3C";"Ka";"'='";"1.1";"/uM";"";"";"";"";"";"";"";"";"0";"CHEMBL5243834";"Binding affinity to G-quadruplex homo-purine guanine-rich GA1 (GAGGGAGGGAGGGAAAAGGGGA) DNA (unknown origin) at DNA:compound concentration ratio of 2:1 in 5K buffer by fluorescence titration based analysis";"B";"BAO_0000225";"nucleic acid format";"Not specified";"None";"None";"None";"None";"";"";"";"CHEMBL5209894";"Quadruplex DNA";"";"NUCLEIC-ACID";"CHEMBL5241123";"1";"Scientific Literature";"Bioorg Med Chem";"2023";"None";"";"STABILISER";"";"1.1"
"CHEMBL6161658";"";"None";"356.38";"0";"0.53";"16";"CN(C)CCCNC(=O)c1ccc2[nH]c(=O)c3cc(=O)c(O)cn3c2c1";"Delta Tm";"'='";"5.5";"degrees C";"";"";"";"UO_0000027";"";"";"";"";"0";"CHEMBL6098784";"Stabilization of Parallel c-Kit1 G4-quadruplex DNA (5'-AGGGAGGGCGCTGGGAGGAGGG-3') (unknown origin) assessed as change in melting temperature at 5 equiv. by CD melting based analysis";"B";"BAO_0000225";"nucleic acid format";"Not specified";"None";"None";"None";"None";"";"";"";"CHEMBL5209894";"Quadruplex DNA";"";"NUCLEIC-ACID";"CHEMBL6096674";"1";"Scientific Literature";"J Med Chem";"2025";"None";"DOSE = 5.0 equiv";"STABILISER";"";"5.5"
"CHEMBL6148022";"";"None";"362.34";"0";"2.42";"20";"O=C(O)c1ccc2[nH]c(=O)c3cc(=O)c(OCc4ccccc4)cn3c2c1";"Delta Tm";"'='";"-0.1";"degrees C";"";"";"Deltatm Value Less Than 3 Degc Indicates Negligible Effects";"UO_0000027";"";"";"";"";"0";"CHEMBL6098784";"Stabilization of Parallel c-Kit1 G4-quadruplex DNA (5'-AGGGAGGGCGCTGGGAGGAGGG-3') (unknown origin) assessed as change in melting temperature at 5 equiv. by CD melting based analysis";"B";"BAO_0000225";"nucleic acid format";"Not specified";"None";"None";"None";"None";"";"";"";"CHEMBL5209894";"Quadruplex DNA";"";"NUCLEIC-ACID";"CHEMBL6096674";"1";"Scientific Literature";"J Med Chem";"2025";"None";"DOSE = 5.0 equiv";"BINDING AGENT";"";"-0.1"
"CHEMBL6152144";"";"None";"446.51";"0";"2.40";"11";"CN(C)CCCNC(=O)c1ccc2[nH]c(=O)c3cc(=O)c(OCc4ccccc4)cn3c2c1";"Delta Tm";"'~'";"12.0";"degrees C";"";"";"";"UO_0000027";"";"";"";"";"0";"CHEMBL6098786";"Stabilization of Parallel c-Myc G4-quadruplex DNA (5'-TGAGGGTGGGTAGGGTGGGTAA-3') (unknown origin) assessed as change in melting temperature at 5 equiv. by CD melting based analysis";"B";"BAO_0000225";"nucleic acid format";"Not specified";"None";"None";"None";"None";"";"";"";"CHEMBL5209894";"Quadruplex DNA";"";"NUCLEIC-ACID";"CHEMBL6096674";"1";"Scientific Literature";"J Med Chem";"2025";"None";"DOSE = 5.0 equiv";"STABILISER";"";"12.0"
"CHEMBL6152144";"";"None";"446.51";"0";"2.40";"11";"CN(C)CCCNC(=O)c1ccc2[nH]c(=O)c3cc(=O)c(OCc4ccccc4)cn3c2c1";"Delta Tm";"'='";"15.6";"degrees C";"";"";"";"UO_0000027";"";"";"";"";"0";"CHEMBL6098787";"Stabilization of Hybrid Bcl2 G4-quadruplex DNA (5'-AGGGCGCGGGAGGAAGGGGGCGGGA-3') (unknown origin) assessed as change in melting temperature at 5 equiv. by CD melting based analysis";"B";"BAO_0000225";"nucleic acid format";"Not specified";"None";"None";"None";"None";"";"";"";"CHEMBL5209894";"Quadruplex DNA";"";"NUCLEIC-ACID";"CHEMBL6096674";"1";"Scientific Literature";"J Med Chem";"2025";"None";"DOSE = 5.0 equiv";"STABILISER";"";"15.6"
"CHEMBL5275488";"";"None";"580.21";"2";"6.89";"4e";"CCCCCCCCc1c2[n+](cc3c(NCCCN4CCCC4)c(OC)ccc13)CCc1cc3c(cc1-2)OCO3.[Cl-]";"Delta Tm";"'='";"19.3";"degrees C";"";"";"";"UO_0000027";"";"";"";"";"0";"CHEMBL5243949";"Binding affinity to c-MYC G4-quadruplex DNA (unknown origin) using fluorescent tagged FPu18T model assessed as stabilization by measuring change in melting temperature at 2 uM incubated in presence of non-fluorescent ds26 DNA by fluorescence based analysis";"B";"BAO_0000225";"nucleic acid format";"Not specified";"None";"None";"None";"None";"";"";"";"CHEMBL5209894";"Quadruplex DNA";"";"NUCLEIC-ACID";"CHEMBL5241127";"1";"Scientific Literature";"Bioorg Med Chem";"2023";"None";"DOSE = 2.0 microM";"STABILISER";"";"19.3"
"CHEMBL5562801";"";"None";"370.37";"1";"-0.23";"3a";"OC[C@@H](O)[C@@H](O)[C@H](O)[C@@H](O)c1nc2c3cccnc3c3ncccc3c2[nH]1";"Delta Tm";"'='";"0.0";"degrees C";"";"";"";"UO_0000027";"";"";"";"";"0";"CHEMBL5524149";"Thermal stabilization of FAM/TAMRA-labeled human telomeric quadruplex DNA F21T assessed as change in melting temperature at 8 uM by FRET assay";"B";"BAO_0000225";"nucleic acid format";"Homo sapiens";"None";"None";"None";"None";"";"";"";"CHEMBL5209894";"Quadruplex DNA";"";"NUCLEIC-ACID";"CHEMBL5523683";"1";"Scientific Literature";"Bioorg Med Chem";"2024";"None";"DOSE = 8.0 microM";"STABILISER";"";"0.0"
"CHEMBL5566647";"";"None";"340.34";"0";"0.41";"3g";"OC[C@@H](O)[C@@H](O)[C@H](O)c1nc2c3cccnc3c3ncccc3c2[nH]1";"Delta Tm";"'='";"1.0";"degrees C";"";"";"";"UO_0000027";"";"";"";"";"0";"CHEMBL5524149";"Thermal stabilization of FAM/TAMRA-labeled human telomeric quadruplex DNA F21T assessed as change in melting temperature at 8 uM by FRET assay";"B";"BAO_0000225";"nucleic acid format";"Homo sapiens";"None";"None";"None";"None";"";"";"";"CHEMBL5209894";"Quadruplex DNA";"";"NUCLEIC-ACID";"CHEMBL5523683";"1";"Scientific Literature";"Bioorg Med Chem";"2024";"None";"DOSE = 8.0 microM";"STABILISER";"";"1.0"
"CHEMBL5566317";"";"None";"370.37";"1";"-0.23";"3c";"OC[C@@H](O)[C@@H](O)[C@H](O)[C@H](O)c1nc2c3cccnc3c3ncccc3c2[nH]1";"Delta Tm";"'='";"1.0";"degrees C";"";"";"";"UO_0000027";"";"";"";"";"0";"CHEMBL5524149";"Thermal stabilization of FAM/TAMRA-labeled human telomeric quadruplex DNA F21T assessed as change in melting temperature at 8 uM by FRET assay";"B";"BAO_0000225";"nucleic acid format";"Homo sapiens";"None";"None";"None";"None";"";"";"";"CHEMBL5209894";"Quadruplex DNA";"";"NUCLEIC-ACID";"CHEMBL5523683";"1";"Scientific Literature";"Bioorg Med Chem";"2024";"None";"DOSE = 8.0 microM";"STABILISER";"";"1.0"
"CHEMBL5272398";"";"None";"1024.61";"3";"12.63";"3";"Cl.N=C(N)Nc1ccc(S(=O)(=O)c2ccc(NC(=N)NC(=O)Nc3ccc(-c4c5nc(c(-c6ccccc6)c6ccc([nH]6)c(-c6ccccc6)c6nc(c(-c7ccccc7)c7ccc4[nH]7)C=C6)C=C5)cc3)cc2)cc1";"Delta Tm";"'='";"10.21";"degrees C";"";"";"";"UO_0000027";"";"";"";"";"0";"CHEMBL5224618";"Binding affinity to 22AG_Na G4 quadruplex DNA (unknown origin) assessed as change in melting temperature at 1:2 G4:ligand ratio by UV analysis (Rvb = 55.9 degreeC)";"B";"BAO_0000225";"nucleic acid format";"Not specified";"None";"None";"None";"None";"";"";"";"CHEMBL5209894";"Quadruplex DNA";"";"NUCLEIC-ACID";"CHEMBL5223108";"1";"Scientific Literature";"Bioorg Med Chem Lett";"2022";"None";"";"BINDING AGENT";"";"10.21"
"CHEMBL5288584";"";"None";"580.73";"2";"7.66";"NMM";"CCC1=C(C)c2cc3c(C)c(CCC(=O)O)c(cc4nc(cc5[nH]c(cc1n2)c(C)c5CC)C(C)=C4CCC(=O)O)n3C";"Ka";"'='";"1.0";"/uM";"";"";"";"";"";"";"";"";"0";"CHEMBL5243829";"Binding affinity to G-quadruplex homo-purine guanine-rich GA2 (GAGGGAGGGAAAAGGGGAGGGA) DNA (unknown origin) at DNA:compound concentration ratio of 1:1 in 5K buffer by fluorescence titration based analysis";"B";"BAO_0000225";"nucleic acid format";"Not specified";"None";"None";"None";"None";"";"";"";"CHEMBL5209894";"Quadruplex DNA";"";"NUCLEIC-ACID";"CHEMBL5241123";"1";"Scientific Literature";"Bioorg Med Chem";"2023";"None";"";"STABILISER";"";"1.0"
"CHEMBL5208631";"";"None";"493.68";"1";"6.04";"15a";"CCN(CC)CCCNC(=O)c1ccc(-c2c3cccc(C)c3[n+](C)c3c2[nH]c2c(C)cccc23)cc1";"Delta Tm";"'<='";"7.0";"degrees C";"";"";"";"UO_0000027";"";"";"";"";"0";"CHEMBL5105491";"Thermal stabilization of quadruplex DNA (unknown origin)";"B";"BAO_0000225";"nucleic acid format";"Not specified";"None";"None";"None";"None";"";"";"";"CHEMBL5209894";"Quadruplex DNA";"";"NUCLEIC-ACID";"CHEMBL5104123";"1";"Scientific Literature";"Bioorg Med Chem Lett";"2022";"None";"";"STABILISER";"";"7.0"
"CHEMBL5283840";"";"None";"540.15";"2";"5.96";"4d";"CCCCCCCCc1c2[n+](cc3c(NCCN(C)C)c(OC)ccc13)CCc1cc3c(cc1-2)OCO3.[Cl-]";"Delta Tm";"'='";"20.9";"degrees C";"";"";"";"UO_0000027";"";"";"";"";"0";"CHEMBL5243949";"Binding affinity to c-MYC G4-quadruplex DNA (unknown origin) using fluorescent tagged FPu18T model assessed as stabilization by measuring change in melting temperature at 2 uM incubated in presence of non-fluorescent ds26 DNA by fluorescence based analysis";"B";"BAO_0000225";"nucleic acid format";"Not specified";"None";"None";"None";"None";"";"";"";"CHEMBL5209894";"Quadruplex DNA";"";"NUCLEIC-ACID";"CHEMBL5241127";"1";"Scientific Literature";"Bioorg Med Chem";"2023";"None";"DOSE = 2.0 microM";"STABILISER";"";"20.9"
"CHEMBL5613617";"";"None";"514.72";"2";"8.97";"L4";"C[C@]12SC(c3ccc4cccnc4c3)=CC1=C1CCCC1=C1C=C(c3ccc4cccnc4c3)S[C@@]12C";"Delta Tm";"'='";"14.0";"degrees C";"";"";"";"UO_0000027";"";"";"";"";"0";"CHEMBL5609040";"Stabilization of Trypanosoma cruzi G-quadruplex MCr DNA (FAM-5'-GTGGAGGGGGAGGGTCATGGGG-3'-TAMRA) assessed as change in apparent melting temperature at 5 uM by FRET melting analysis";"B";"BAO_0000225";"nucleic acid format";"Trypanosoma cruzi";"None";"None";"None";"None";"";"";"";"CHEMBL5209894";"Quadruplex DNA";"";"NUCLEIC-ACID";"CHEMBL5608180";"1";"Scientific Literature";"Eur J Med Chem";"2024";"None";"DOSE = 5.0 microM";"STABILISER";"";"14.0"
"CHEMBL6189317";"";"None";"392.42";"1";"5.59";"C3";"COc1cccc(-c2ccc(-c3nc4c5cccnc5c5ncccc5c4[nH]3)o2)c1";"Tm";"'='";"10.8";"degrees C";"";"";"";"UO_0000027";"";"";"";"";"0";"CHEMBL6186795";"Binding affinity to c-MET G4-quadruplex DNA (unknown origin) assessed as melting temperature";"B";"BAO_0000225";"nucleic acid format";"Not specified";"None";"None";"None";"None";"";"";"";"CHEMBL5209894";"Quadruplex DNA";"";"NUCLEIC-ACID";"CHEMBL6182924";"1";"Scientific Literature";"J Med Chem";"2025";"None";"";"INHIBITOR";"";"10.8"
"CHEMBL5288584";"";"None";"580.73";"2";"7.66";"NMM";"CCC1=C(C)c2cc3c(C)c(CCC(=O)O)c(cc4nc(cc5[nH]c(cc1n2)c(C)c5CC)C(C)=C4CCC(=O)O)n3C";"deltaH";"'='";"63.0";"kJ/mol";"";"";"";"";"";"";"";"";"0";"CHEMBL5243811";"Stabilization and preservation of G-quadruplex homo-purine guanine-rich GA2 (GAGGGAGGGAAAAGGGGAGGGA) DNA (unknown origin) parallel structure conformation assessed as increase in enthalpy change associated with melting transition at 2 equivalents in 100K buffer by UV-Visible melting analysis";"B";"BAO_0000225";"nucleic acid format";"Not specified";"None";"None";"None";"None";"";"";"";"CHEMBL5209894";"Quadruplex DNA";"";"NUCLEIC-ACID";"CHEMBL5241123";"1";"Scientific Literature";"Bioorg Med Chem";"2023";"None";"DOSE = 2.0 equiv";"STABILISER";"";"63.0"
"CHEMBL5288584";"";"None";"580.73";"2";"7.66";"NMM";"CCC1=C(C)c2cc3c(C)c(CCC(=O)O)c(cc4nc(cc5[nH]c(cc1n2)c(C)c5CC)C(C)=C4CCC(=O)O)n3C";"Activity";"'='";"28.0";"%";"";"";"";"UO_0000187";"";"";"";"";"0";"CHEMBL5243820";"Binding affinity to G-quadruplex homo-purine guanine-rich GA3 (AGGGAAAAGGGGAGGGAAAAGGGGA) DNA (unknown origin) assessed as hypochromicity at 3.3 uM in 5K buffer by circular dichroism scan analysis";"B";"BAO_0000225";"nucleic acid format";"Not specified";"None";"None";"None";"None";"";"";"";"CHEMBL5209894";"Quadruplex DNA";"";"NUCLEIC-ACID";"CHEMBL5241123";"1";"Scientific Literature";"Bioorg Med Chem";"2023";"None";"DOSE = 3.3 microM";"";"";"28.0"
"CHEMBL5288584";"";"None";"580.73";"2";"7.66";"NMM";"CCC1=C(C)c2cc3c(C)c(CCC(=O)O)c(cc4nc(cc5[nH]c(cc1n2)c(C)c5CC)C(C)=C4CCC(=O)O)n3C";"Ka";"'='";"0.07";"/uM";"";"";"";"";"";"";"";"";"0";"CHEMBL5243824";"Binding affinity to G-quadruplex homo-purine guanine-rich GA1 (GAGGGAGGGAGGGAAAAGGGGA) DNA (unknown origin) at DNA:compound concentration ratio of 1:2 in 5K buffer by UV-Vis titration based analysis";"B";"BAO_0000225";"nucleic acid format";"Not specified";"None";"None";"None";"None";"";"";"";"CHEMBL5209894";"Quadruplex DNA";"";"NUCLEIC-ACID";"CHEMBL5241123";"1";"Scientific Literature";"Bioorg Med Chem";"2023";"None";"";"STABILISER";"";"0.07"
"CHEMBL5288584";"";"None";"580.73";"2";"7.66";"NMM";"CCC1=C(C)c2cc3c(C)c(CCC(=O)O)c(cc4nc(cc5[nH]c(cc1n2)c(C)c5CC)C(C)=C4CCC(=O)O)n3C";"Ka";"'='";"1.1";"/uM";"";"";"";"";"";"";"";"";"0";"CHEMBL5243836";"Binding affinity to G-quadruplex homo-purine guanine-rich GA3 (AGGGAAAAGGGGAGGGAAAAGGGGA) DNA (unknown origin) at DNA:compound concentration ratio of 2:1 in 5K buffer by fluorescence titration based analysis";"B";"BAO_0000225";"nucleic acid format";"Not specified";"None";"None";"None";"None";"";"";"";"CHEMBL5209894";"Quadruplex DNA";"";"NUCLEIC-ACID";"CHEMBL5241123";"1";"Scientific Literature";"Bioorg Med Chem";"2023";"None";"";"STABILISER";"";"1.1"
"CHEMBL5612878";"";"None";"798.60";"2";"8.81";"L3";"Cc1sc(-c2cccc3cc[n+](C)cc23)cc1C1=C(c2cc(-c3cccc4cc[n+](C)cc34)sc2C)CCC1.[I-].[I-]";"Activity";"";"";"";"";"";"";"";"";"";"";"";"0";"CHEMBL5609050";"Binding affinity to Trypanosoma cruzi G-quadruplex TCr DNA (FAM-5'-GGGAGGGACGGATGGGCAGAAACGGG-3'-TAMRA) assessed as broadening of imino proton signals at 1 equiv. by 1H-NMR analysis";"B";"BAO_0000225";"nucleic acid format";"Trypanosoma cruzi";"None";"None";"None";"None";"";"";"";"CHEMBL5209894";"Quadruplex DNA";"";"NUCLEIC-ACID";"CHEMBL5608180";"1";"Scientific Literature";"Eur J Med Chem";"2024";"None";"DOSE = 1.0 equiv";"STABILISER";"Active";""
"CHEMBL5172414";"";"None";"518.62";"1";"0.53";"2";"CN1CCN(CCN2C(=O)c3ccc4c5c(ccc(c35)C2=O)C(=O)N(CCN2CCN(C)CC2)C4=O)CC1";"Delta Tm";"'='";"12.0";"degrees C";"";"";"";"UO_0000027";"";"";"";"";"0";"CHEMBL5110054";"Binding affinity to Trypanosoma brucei G-quadruplex telomeric DNA FEBR1T (5'-duplex GGG TTAGGG TTAGGG TTAGGG-3') assessed as stabilization by measuring change in melting temperature at 10 uM in potassium buffer by FRET melting assay";"B";"BAO_0000225";"nucleic acid format";"Trypanosoma brucei";"None";"None";"None";"None";"";"";"";"CHEMBL5209894";"Quadruplex DNA";"";"NUCLEIC-ACID";"CHEMBL5108010";"1";"Scientific Literature";"Bioorg Med Chem";"2022";"None";"Dose = 10.0 microM";"STABILISER";"";"12.0"
"CHEMBL5190278";"";"None";"614.71";"1";"3.94";"7";"CN1CCN(c2ccc(N3C(=O)c4ccc5c6c(ccc(c46)C3=O)C(=O)N(c3ccc(N4CCN(C)CC4)cc3)C5=O)cc2)CC1";"Delta Tm";"'='";"0.9";"degrees C";"";"";"";"UO_0000027";"";"";"";"";"0";"CHEMBL5110054";"Binding affinity to Trypanosoma brucei G-quadruplex telomeric DNA FEBR1T (5'-duplex GGG TTAGGG TTAGGG TTAGGG-3') assessed as stabilization by measuring change in melting temperature at 10 uM in potassium buffer by FRET melting assay";"B";"BAO_0000225";"nucleic acid format";"Trypanosoma brucei";"None";"None";"None";"None";"";"";"";"CHEMBL5209894";"Quadruplex DNA";"";"NUCLEIC-ACID";"CHEMBL5108010";"1";"Scientific Literature";"Bioorg Med Chem";"2022";"None";"Dose = 10.0 microM";"STABILISER";"";"0.9"
"CHEMBL5175352";"";"None";"614.71";"1";"3.94";"9";"CN1CCN(c2ccccc2N2C(=O)c3ccc4c5c(ccc(c35)C2=O)C(=O)N(c2ccccc2N2CCN(C)CC2)C4=O)CC1";"Delta Tm";"'='";"244.0";"degrees C";"";"";"";"UO_0000027";"";"";"";"";"0";"CHEMBL5110054";"Binding affinity to Trypanosoma brucei G-quadruplex telomeric DNA FEBR1T (5'-duplex GGG TTAGGG TTAGGG TTAGGG-3') assessed as stabilization by measuring change in melting temperature at 10 uM in potassium buffer by FRET melting assay";"B";"BAO_0000225";"nucleic acid format";"Trypanosoma brucei";"None";"None";"None";"None";"";"";"";"CHEMBL5209894";"Quadruplex DNA";"";"NUCLEIC-ACID";"CHEMBL5108010";"1";"Scientific Literature";"Bioorg Med Chem";"2022";"None";"Dose = 10.0 microM";"STABILISER";"";"244.0"
"CHEMBL5195640";"";"None";"520.59";"1";"1.48";"11";"O=C1c2ccc3c4c(ccc(c24)C(=O)N1CCCN1CCOCC1)C(=O)N(CCCN1CCOCC1)C3=O";"Delta Tm";"'='";"3.1";"degrees C";"";"";"";"UO_0000027";"";"";"";"";"0";"CHEMBL5110054";"Binding affinity to Trypanosoma brucei G-quadruplex telomeric DNA FEBR1T (5'-duplex GGG TTAGGG TTAGGG TTAGGG-3') assessed as stabilization by measuring change in melting temperature at 10 uM in potassium buffer by FRET melting assay";"B";"BAO_0000225";"nucleic acid format";"Trypanosoma brucei";"None";"None";"None";"None";"";"";"";"CHEMBL5209894";"Quadruplex DNA";"";"NUCLEIC-ACID";"CHEMBL5108010";"1";"Scientific Literature";"Bioorg Med Chem";"2022";"None";"Dose = 10.0 microM";"STABILISER";"";"3.1"
"CHEMBL5172979";"";"None";"732.32";"0";"2.08";"17";"C[n+]1ccc(CN2C(=O)c3ccc4c5c(ccc(c35)C2=O)C(=O)N(Cc2cc[n+](C)cc2)C4=O)cc1.[I-].[I-]";"Delta Tm";"'='";"9.0";"degrees C";"";"";"";"UO_0000027";"";"";"";"";"0";"CHEMBL5110054";"Binding affinity to Trypanosoma brucei G-quadruplex telomeric DNA FEBR1T (5'-duplex GGG TTAGGG TTAGGG TTAGGG-3') assessed as stabilization by measuring change in melting temperature at 10 uM in potassium buffer by FRET melting assay";"B";"BAO_0000225";"nucleic acid format";"Trypanosoma brucei";"None";"None";"None";"None";"";"";"";"CHEMBL5209894";"Quadruplex DNA";"";"NUCLEIC-ACID";"CHEMBL5108010";"1";"Scientific Literature";"Bioorg Med Chem";"2022";"None";"Dose = 10.0 microM";"STABILISER";"";"9.0"
"CHEMBL5207036";"";"None";"804.38";"1";"4.40";"18";"C[n+]1cc(N2C(=O)c3ccc4c5c(ccc(c35)C2=O)C(=O)N(c2cc3ccccc3[n+](C)c2)C4=O)cc2ccccc21.[I-].[I-]";"Delta Tm";"'='";"-0.9";"degrees C";"";"";"";"UO_0000027";"";"";"";"";"0";"CHEMBL5110054";"Binding affinity to Trypanosoma brucei G-quadruplex telomeric DNA FEBR1T (5'-duplex GGG TTAGGG TTAGGG TTAGGG-3') assessed as stabilization by measuring change in melting temperature at 10 uM in potassium buffer by FRET melting assay";"B";"BAO_0000225";"nucleic acid format";"Trypanosoma brucei";"None";"None";"None";"None";"";"";"";"CHEMBL5209894";"Quadruplex DNA";"";"NUCLEIC-ACID";"CHEMBL5108010";"1";"Scientific Literature";"Bioorg Med Chem";"2022";"None";"Dose = 10.0 microM";"STABILISER";"";"-0.9"
"CHEMBL5171676";"";"None";"804.38";"1";"4.40";"20";"C[n+]1cccc2c(N3C(=O)c4ccc5c6c(ccc(c46)C3=O)C(=O)N(c3cccc4c3ccc[n+]4C)C5=O)cccc21.[I-].[I-]";"Delta Tm";"'='";"3.0";"degrees C";"";"";"";"UO_0000027";"";"";"";"";"0";"CHEMBL5110054";"Binding affinity to Trypanosoma brucei G-quadruplex telomeric DNA FEBR1T (5'-duplex GGG TTAGGG TTAGGG TTAGGG-3') assessed as stabilization by measuring change in melting temperature at 10 uM in potassium buffer by FRET melting assay";"B";"BAO_0000225";"nucleic acid format";"Trypanosoma brucei";"None";"None";"None";"None";"";"";"";"CHEMBL5209894";"Quadruplex DNA";"";"NUCLEIC-ACID";"CHEMBL5108010";"1";"Scientific Literature";"Bioorg Med Chem";"2022";"None";"Dose = 10.0 microM";"STABILISER";"";"3.0"
"CHEMBL6160989";"";"None";"384.39";"0";"-0.09";"19";"O=C(NCCN1CCOCC1)c1ccc2[nH]c(=O)c3cc(=O)c(O)cn3c2c1";"Delta Tm";"'='";"2.2";"degrees C";"";"";"Deltatm Value Less Than 3 Degc Indicates Negligible Effects";"UO_0000027";"";"";"";"";"0";"CHEMBL6098784";"Stabilization of Parallel c-Kit1 G4-quadruplex DNA (5'-AGGGAGGGCGCTGGGAGGAGGG-3') (unknown origin) assessed as change in melting temperature at 5 equiv. by CD melting based analysis";"B";"BAO_0000225";"nucleic acid format";"Not specified";"None";"None";"None";"None";"";"";"";"CHEMBL5209894";"Quadruplex DNA";"";"NUCLEIC-ACID";"CHEMBL6096674";"1";"Scientific Literature";"J Med Chem";"2025";"None";"DOSE = 5.0 equiv";"STABILISER";"";"2.2"
"CHEMBL6164768";"";"None";"370.37";"1";"-0.55";"17";"N=C(N)NCCCNC(=O)c1ccc2[nH]c(=O)c3cc(=O)c(O)cn3c2c1";"Delta Tm";"'='";"3.6";"degrees C";"";"";"";"UO_0000027";"";"";"";"";"0";"CHEMBL6098786";"Stabilization of Parallel c-Myc G4-quadruplex DNA (5'-TGAGGGTGGGTAGGGTGGGTAA-3') (unknown origin) assessed as change in melting temperature at 5 equiv. by CD melting based analysis";"B";"BAO_0000225";"nucleic acid format";"Not specified";"None";"None";"None";"None";"";"";"";"CHEMBL5209894";"Quadruplex DNA";"";"NUCLEIC-ACID";"CHEMBL6096674";"1";"Scientific Literature";"J Med Chem";"2025";"None";"DOSE = 5.0 equiv";"STABILISER";"";"3.6"
"CHEMBL6161658";"";"None";"356.38";"0";"0.53";"16";"CN(C)CCCNC(=O)c1ccc2[nH]c(=O)c3cc(=O)c(O)cn3c2c1";"Activity";"";"";"";"";"";"";"";"";"";"";"";"0";"CHEMBL6098813";"Binding affinity to c-Myc G4-quadruplex DNA (5'-TGAGGGTGGGTAGGGTGGGTAA-3') (unknown origin) assessed as perturbations of imino protons of G8,G12,G17,G21 within middle G-tetrad at compound:G4 ratio of 2:1 by 1D 1H NMR analysis";"B";"BAO_0000225";"nucleic acid format";"Not specified";"None";"None";"None";"None";"";"";"";"CHEMBL5209894";"Quadruplex DNA";"";"NUCLEIC-ACID";"CHEMBL6096674";"1";"Scientific Literature";"J Med Chem";"2025";"None";"";"STABILISER";"Active";""
"CHEMBL6161658";"";"None";"356.38";"0";"0.53";"16";"CN(C)CCCNC(=O)c1ccc2[nH]c(=O)c3cc(=O)c(O)cn3c2c1";"Activity";"";"";"";"";"";"";"";"";"";"";"";"0";"CHEMBL6098814";"Binding affinity to c-Myc G4-quadruplex DNA (5'-TGAGGGTGGGTAGGGTGGGTAA-3') (unknown origin) assessed as perturbations of aromatic protons of T23, A24 and A25 with no significant change in aromatic protons of loops at compound:G4 ratio of 2:1 by 1D 1H NMR analysis";"B";"BAO_0000225";"nucleic acid format";"Not specified";"None";"None";"None";"None";"";"";"";"CHEMBL5209894";"Quadruplex DNA";"";"NUCLEIC-ACID";"CHEMBL6096674";"1";"Scientific Literature";"J Med Chem";"2025";"None";"";"STABILISER";"Active";""
"CHEMBL1086";"DIBUCAINE";"4.0";"343.47";"0";"3.49";"Dibucaine";"CCCCOc1cc(C(=O)NCCN(CC)CC)c2ccccc2n1";"deltaTm1/2";"'='";"2.8";"degrees C";"";"";"";"UO_0000027";"";"";"";"";"0";"CHEMBL6154556";"Thermal stabilization of YY1 G4 quadruplex DNA (GGGGGAAAGGGTGGGCAAGGG) (unknown origin) assessed as change in half-width of melting temperature incubated for 10 mins by circular dichroism analysis (Rvb = 60.6 +/- 0.1 degreeC)";"B";"BAO_0000225";"nucleic acid format";"Not specified";"None";"None";"None";"None";"";"";"";"CHEMBL5209894";"Quadruplex DNA";"";"NUCLEIC-ACID";"CHEMBL6153050";"1";"Scientific Literature";"Eur J Med Chem";"2025";"None";"TIME = 0.1667 hr";"STABILISER";"";"2.8"
"CHEMBL6120826";"";"None";"666.60";"2";"9.05";"A6";"COc1ccc(N(c2ccc(/C=C/C3=[N+](C)c4ccc5ccccc5c4C3(C)C)cc2)c2ccc(OC)cc2)cc1.[I-]";"Activity";"";"";"";"";"";"";"";"";"";"";"";"0";"CHEMBL6074771";"Binding affinity to G4-quadruplex mt6363 DNA (unknown origin) at 10 uM by fluorescence based analysis";"B";"BAO_0000225";"nucleic acid format";"Not specified";"None";"None";"None";"None";"";"";"";"CHEMBL5209894";"Quadruplex DNA";"";"NUCLEIC-ACID";"CHEMBL6074620";"1";"Scientific Literature";"Eur J Med Chem";"2024";"None";"DOSE = 10.0 microM";"STABILISER";"Active";""
"CHEMBL2107723";"ACOTIAMIDE";"3.0";"450.56";"0";"2.97";"Acotiamide";"COc1cc(O)c(C(=O)Nc2nc(C(=O)NCCN(C(C)C)C(C)C)cs2)cc1OC";"deltaTm1/2";"'='";"3.9";"degrees C";"";"";"";"UO_0000027";"";"";"";"";"0";"CHEMBL6154553";"Thermal stabilization of c-Myc G4 quadruplex DNA (TGAGGGTGGGTAGGGTGGGTAA) (unknown origin) assessed as change in half-width of melting temperature incubated for 10 mins by circular dichroism analysis (Rvb = 70.6 +/- 0.1 degreeC)";"B";"BAO_0000225";"nucleic acid format";"Not specified";"None";"None";"None";"None";"";"";"";"CHEMBL5209894";"Quadruplex DNA";"";"NUCLEIC-ACID";"CHEMBL6153050";"1";"Scientific Literature";"Eur J Med Chem";"2025";"None";"TIME = 0.1667 hr";"STABILISER";"";"3.9"
"CHEMBL81";"RALOXIFENE";"4.0";"473.59";"1";"6.08";"Raloxifene";"O=C(c1ccc(OCCN2CCCCC2)cc1)c1c(-c2ccc(O)cc2)sc2cc(O)ccc12";"deltaTm1/2";"'='";"4.0";"degrees C";"";"";"";"UO_0000027";"";"";"";"";"0";"CHEMBL6154553";"Thermal stabilization of c-Myc G4 quadruplex DNA (TGAGGGTGGGTAGGGTGGGTAA) (unknown origin) assessed as change in half-width of melting temperature incubated for 10 mins by circular dichroism analysis (Rvb = 70.6 +/- 0.1 degreeC)";"B";"BAO_0000225";"nucleic acid format";"Not specified";"None";"None";"None";"None";"";"";"";"CHEMBL5209894";"Quadruplex DNA";"";"NUCLEIC-ACID";"CHEMBL6153050";"1";"Scientific Literature";"Eur J Med Chem";"2025";"None";"TIME = 0.1667 hr";"STABILISER";"";"4.0"
"CHEMBL1201760";"BESIFLOXACIN";"4.0";"393.85";"0";"3.14";"Besifloxacin";"N[C@@H]1CCCCN(c2c(F)cc3c(=O)c(C(=O)O)cn(C4CC4)c3c2Cl)C1";"deltaTm1/2";"'='";"1.7";"degrees C";"";"";"";"UO_0000027";"";"";"";"";"0";"CHEMBL6154554";"Thermal stabilization of HER2 G4 quadruplex DNA (GGAGAAGGAGGAGGTGGAGGAGGAGGG) (unknown origin) assessed as change in half-width of melting temperature incubated for 10 mins by circular dichroism analysis (Rvb = 62.0 +/- 0.2 degreeC)";"B";"BAO_0000225";"nucleic acid format";"Not specified";"None";"None";"None";"None";"";"";"";"CHEMBL5209894";"Quadruplex DNA";"";"NUCLEIC-ACID";"CHEMBL6153050";"1";"Scientific Literature";"Eur J Med Chem";"2025";"None";"TIME = 0.1667 hr";"STABILISER";"";"1.7"
"CHEMBL1738797";"ALECTINIB";"4.0";"482.63";"0";"4.77";"Alectinib";"CCc1cc2c(cc1N1CCC(N3CCOCC3)CC1)C(C)(C)c1[nH]c3cc(C#N)ccc3c1C2=O";"deltaTm1/2";"'='";"2.5";"degrees C";"";"";"";"UO_0000027";"";"";"";"";"0";"CHEMBL6154555";"Thermal stabilization of NRAS G4 quadruplex DNA (TGGGAGGGGCGGGTCTGGGT) (unknown origin) assessed as change in half-width of melting temperature incubated for 10 mins by circular dichroism analysis (Rvb = 61.6 +/- 0.1 degreeC)";"B";"BAO_0000225";"nucleic acid format";"Not specified";"None";"None";"None";"None";"";"";"";"CHEMBL5209894";"Quadruplex DNA";"";"NUCLEIC-ACID";"CHEMBL6153050";"1";"Scientific Literature";"Eur J Med Chem";"2025";"None";"TIME = 0.1667 hr";"STABILISER";"";"2.5"
"CHEMBL3137312";"DASABUVIR";"4.0";"493.59";"0";"4.02";"Dasabuvir";"COc1c(-c2ccc3cc(NS(C)(=O)=O)ccc3c2)cc(-n2ccc(=O)[nH]c2=O)cc1C(C)(C)C";"deltaTm1/2";"'='";"1.4";"degrees C";"";"";"";"UO_0000027";"";"";"";"";"0";"CHEMBL6154555";"Thermal stabilization of NRAS G4 quadruplex DNA (TGGGAGGGGCGGGTCTGGGT) (unknown origin) assessed as change in half-width of melting temperature incubated for 10 mins by circular dichroism analysis (Rvb = 61.6 +/- 0.1 degreeC)";"B";"BAO_0000225";"nucleic acid format";"Not specified";"None";"None";"None";"None";"";"";"";"CHEMBL5209894";"Quadruplex DNA";"";"NUCLEIC-ACID";"CHEMBL6153050";"1";"Scientific Literature";"Eur J Med Chem";"2025";"None";"TIME = 0.1667 hr";"STABILISER";"";"1.4"
"CHEMBL226507";"SINENSETIN";"None";"372.37";"0";"3.50";"Sinensetin";"COc1ccc(-c2cc(=O)c3c(OC)c(OC)c(OC)cc3o2)cc1OC";"deltaTm1/2";"'='";"10.6";"degrees C";"";"";"";"UO_0000027";"";"";"";"";"0";"CHEMBL6154555";"Thermal stabilization of NRAS G4 quadruplex DNA (TGGGAGGGGCGGGTCTGGGT) (unknown origin) assessed as change in half-width of melting temperature incubated for 10 mins by circular dichroism analysis (Rvb = 61.6 +/- 0.1 degreeC)";"B";"BAO_0000225";"nucleic acid format";"Not specified";"None";"None";"None";"None";"";"";"";"CHEMBL5209894";"Quadruplex DNA";"";"NUCLEIC-ACID";"CHEMBL6153050";"1";"Scientific Literature";"Eur J Med Chem";"2025";"None";"TIME = 0.1667 hr";"STABILISER";"";"10.6"
"CHEMBL506";"PRIMAQUINE";"4.0";"259.35";"0";"2.78";"Primaquine";"COc1cc(NC(C)CCCN)c2ncccc2c1";"deltaTm1/2";"'='";"3.7";"degrees C";"";"";"";"UO_0000027";"";"";"";"";"0";"CHEMBL6154556";"Thermal stabilization of YY1 G4 quadruplex DNA (GGGGGAAAGGGTGGGCAAGGG) (unknown origin) assessed as change in half-width of melting temperature incubated for 10 mins by circular dichroism analysis (Rvb = 60.6 +/- 0.1 degreeC)";"B";"BAO_0000225";"nucleic acid format";"Not specified";"None";"None";"None";"None";"";"";"";"CHEMBL5209894";"Quadruplex DNA";"";"NUCLEIC-ACID";"CHEMBL6153050";"1";"Scientific Literature";"Eur J Med Chem";"2025";"None";"TIME = 0.1667 hr";"STABILISER";"";"3.7"
"CHEMBL226507";"SINENSETIN";"None";"372.37";"0";"3.50";"Sinensetin";"COc1ccc(-c2cc(=O)c3c(OC)c(OC)c(OC)cc3o2)cc1OC";"deltaTm1/2";"'='";"5.3";"degrees C";"";"";"";"UO_0000027";"";"";"";"";"0";"CHEMBL6154556";"Thermal stabilization of YY1 G4 quadruplex DNA (GGGGGAAAGGGTGGGCAAGGG) (unknown origin) assessed as change in half-width of melting temperature incubated for 10 mins by circular dichroism analysis (Rvb = 60.6 +/- 0.1 degreeC)";"B";"BAO_0000225";"nucleic acid format";"Not specified";"None";"None";"None";"None";"";"";"";"CHEMBL5209894";"Quadruplex DNA";"";"NUCLEIC-ACID";"CHEMBL6153050";"1";"Scientific Literature";"Eur J Med Chem";"2025";"None";"TIME = 0.1667 hr";"STABILISER";"";"5.3"
"CHEMBL481";"IRINOTECAN";"4.0";"586.69";"1";"4.09";"Irinotecan";"CCc1c2c(nc3ccc(OC(=O)N4CCC(N5CCCCC5)CC4)cc13)-c1cc3c(c(=O)n1C2)COC(=O)[C@]3(O)CC";"Ka";"'='";"2.2";"10^5/M";"";"";"";"";"";"";"";"";"0";"CHEMBL6154590";"Binding affinity to HER2 G4 quadruplex DNA (GGAGAAGGAGGAGGTGGAGGAGGAGGG) (unknown origin) assessed as equilibrium binding constant (Ka) by ITC analysis";"B";"BAO_0000225";"nucleic acid format";"Not specified";"None";"None";"None";"None";"";"";"";"CHEMBL5209894";"Quadruplex DNA";"";"NUCLEIC-ACID";"CHEMBL6153050";"1";"Scientific Literature";"Eur J Med Chem";"2025";"None";"";"STABILISER";"";"2.2"
"CHEMBL6133111";"";"None";"370.41";"0";"0.83";"12";"COc1cn2c(cc1=O)c(=O)[nH]c1ccc(C(=O)NCCCN(C)C)cc12";"Delta Tm";"'='";"9.3";"degrees C";"";"";"";"UO_0000027";"";"";"";"";"0";"CHEMBL6098784";"Stabilization of Parallel c-Kit1 G4-quadruplex DNA (5'-AGGGAGGGCGCTGGGAGGAGGG-3') (unknown origin) assessed as change in melting temperature at 5 equiv. by CD melting based analysis";"B";"BAO_0000225";"nucleic acid format";"Not specified";"None";"None";"None";"None";"";"";"";"CHEMBL5209894";"Quadruplex DNA";"";"NUCLEIC-ACID";"CHEMBL6096674";"1";"Scientific Literature";"J Med Chem";"2025";"None";"DOSE = 5.0 equiv";"STABILISER";"";"9.3"
"CHEMBL6161658";"";"None";"356.38";"0";"0.53";"16";"CN(C)CCCNC(=O)c1ccc2[nH]c(=O)c3cc(=O)c(O)cn3c2c1";"Kd";"'='";"500.0";"nM";"6.30";"";"";"UO_0000065";"";"";"";"";"0";"CHEMBL6098804";"Binding affinity to Cy5-labeled Bcl-2 G4-quadruplex DNA (Cy5-AGGGCGCGGGAGGAAGGGGGCGGGA-3') (unknown origin) assessed as equilibrium dissociation constant measured at 25 degC by microscale thermophoresis analysis";"B";"BAO_0000225";"nucleic acid format";"Not specified";"None";"None";"None";"None";"";"";"";"CHEMBL5209894";"Quadruplex DNA";"";"NUCLEIC-ACID";"CHEMBL6096674";"1";"Scientific Literature";"J Med Chem";"2025";"None";"";"STABILISER";"";"0.5"
"CHEMBL1095777";"INDACATEROL";"4.0";"392.50";"0";"3.15";"Indacaterol";"CCc1cc2c(cc1CC)CC(NC[C@H](O)c1ccc(O)c3[nH]c(=O)ccc13)C2";"deltaTm1/2";"'='";"1.5";"degrees C";"";"";"";"UO_0000027";"";"";"";"";"0";"CHEMBL6154553";"Thermal stabilization of c-Myc G4 quadruplex DNA (TGAGGGTGGGTAGGGTGGGTAA) (unknown origin) assessed as change in half-width of melting temperature incubated for 10 mins by circular dichroism analysis (Rvb = 70.6 +/- 0.1 degreeC)";"B";"BAO_0000225";"nucleic acid format";"Not specified";"None";"None";"None";"None";"";"";"";"CHEMBL5209894";"Quadruplex DNA";"";"NUCLEIC-ACID";"CHEMBL6153050";"1";"Scientific Literature";"Eur J Med Chem";"2025";"None";"TIME = 0.1667 hr";"STABILISER";"";"1.5"
"CHEMBL506";"PRIMAQUINE";"4.0";"259.35";"0";"2.78";"Primaquine";"COc1cc(NC(C)CCCN)c2ncccc2c1";"deltaTm1/2";"'='";"0.4";"degrees C";"";"";"";"UO_0000027";"";"";"";"";"0";"CHEMBL6154553";"Thermal stabilization of c-Myc G4 quadruplex DNA (TGAGGGTGGGTAGGGTGGGTAA) (unknown origin) assessed as change in half-width of melting temperature incubated for 10 mins by circular dichroism analysis (Rvb = 70.6 +/- 0.1 degreeC)";"B";"BAO_0000225";"nucleic acid format";"Not specified";"None";"None";"None";"None";"";"";"";"CHEMBL5209894";"Quadruplex DNA";"";"NUCLEIC-ACID";"CHEMBL6153050";"1";"Scientific Literature";"Eur J Med Chem";"2025";"None";"TIME = 0.1667 hr";"STABILISER";"";"0.4"
"CHEMBL1800159";"RELUGOLIX";"4.0";"623.64";"2";"3.75";"Relugolix";"CONC(=O)Nc1ccc(-c2sc3c(c2CN(C)C)c(=O)n(-c2ccc(OC)nn2)c(=O)n3Cc2c(F)cccc2F)cc1";"deltaTm1/2";"'='";"2.4";"degrees C";"";"";"";"UO_0000027";"";"";"";"";"0";"CHEMBL6154553";"Thermal stabilization of c-Myc G4 quadruplex DNA (TGAGGGTGGGTAGGGTGGGTAA) (unknown origin) assessed as change in half-width of melting temperature incubated for 10 mins by circular dichroism analysis (Rvb = 70.6 +/- 0.1 degreeC)";"B";"BAO_0000225";"nucleic acid format";"Not specified";"None";"None";"None";"None";"";"";"";"CHEMBL5209894";"Quadruplex DNA";"";"NUCLEIC-ACID";"CHEMBL6153050";"1";"Scientific Literature";"Eur J Med Chem";"2025";"None";"TIME = 0.1667 hr";"STABILISER";"";"2.4"
"CHEMBL481";"IRINOTECAN";"4.0";"586.69";"1";"4.09";"Irinotecan";"CCc1c2c(nc3ccc(OC(=O)N4CCC(N5CCCCC5)CC4)cc13)-c1cc3c(c(=O)n1C2)COC(=O)[C@]3(O)CC";"deltaTm1/2";"'='";"19.6";"degrees C";"";"";"";"UO_0000027";"";"";"";"";"0";"CHEMBL6154555";"Thermal stabilization of NRAS G4 quadruplex DNA (TGGGAGGGGCGGGTCTGGGT) (unknown origin) assessed as change in half-width of melting temperature incubated for 10 mins by circular dichroism analysis (Rvb = 61.6 +/- 0.1 degreeC)";"B";"BAO_0000225";"nucleic acid format";"Not specified";"None";"None";"None";"None";"";"";"";"CHEMBL5209894";"Quadruplex DNA";"";"NUCLEIC-ACID";"CHEMBL6153050";"1";"Scientific Literature";"Eur J Med Chem";"2025";"None";"TIME = 0.1667 hr";"STABILISER";"";"19.6"
"CHEMBL267648";"PEFLOXACIN";"2.0";"333.36";"0";"1.61";"Pefloxacin";"CCn1cc(C(=O)O)c(=O)c2cc(F)c(N3CCN(C)CC3)cc21";"deltaTm1/2";"'='";"8.0";"degrees C";"";"";"";"UO_0000027";"";"";"";"";"0";"CHEMBL6154555";"Thermal stabilization of NRAS G4 quadruplex DNA (TGGGAGGGGCGGGTCTGGGT) (unknown origin) assessed as change in half-width of melting temperature incubated for 10 mins by circular dichroism analysis (Rvb = 61.6 +/- 0.1 degreeC)";"B";"BAO_0000225";"nucleic acid format";"Not specified";"None";"None";"None";"None";"";"";"";"CHEMBL5209894";"Quadruplex DNA";"";"NUCLEIC-ACID";"CHEMBL6153050";"1";"Scientific Literature";"Eur J Med Chem";"2025";"None";"TIME = 0.1667 hr";"STABILISER";"";"8.0"
"CHEMBL506";"PRIMAQUINE";"4.0";"259.35";"0";"2.78";"Primaquine";"COc1cc(NC(C)CCCN)c2ncccc2c1";"deltaTm1/2";"'='";"3.6";"degrees C";"";"";"";"UO_0000027";"";"";"";"";"0";"CHEMBL6154555";"Thermal stabilization of NRAS G4 quadruplex DNA (TGGGAGGGGCGGGTCTGGGT) (unknown origin) assessed as change in half-width of melting temperature incubated for 10 mins by circular dichroism analysis (Rvb = 61.6 +/- 0.1 degreeC)";"B";"BAO_0000225";"nucleic acid format";"Not specified";"None";"None";"None";"None";"";"";"";"CHEMBL5209894";"Quadruplex DNA";"";"NUCLEIC-ACID";"CHEMBL6153050";"1";"Scientific Literature";"Eur J Med Chem";"2025";"None";"TIME = 0.1667 hr";"STABILISER";"";"3.6"
"CHEMBL1929396";"ANAGLIPTIN";"4.0";"383.46";"0";"0.65";"Anagliptin";"Cc1cc2ncc(C(=O)NCC(C)(C)NCC(=O)N3CCC[C@H]3C#N)cn2n1";"deltaTm1/2";"'='";"-0.9";"degrees C";"";"";"";"UO_0000027";"";"";"";"";"0";"CHEMBL6154556";"Thermal stabilization of YY1 G4 quadruplex DNA (GGGGGAAAGGGTGGGCAAGGG) (unknown origin) assessed as change in half-width of melting temperature incubated for 10 mins by circular dichroism analysis (Rvb = 60.6 +/- 0.1 degreeC)";"B";"BAO_0000225";"nucleic acid format";"Not specified";"None";"None";"None";"None";"";"";"";"CHEMBL5209894";"Quadruplex DNA";"";"NUCLEIC-ACID";"CHEMBL6153050";"1";"Scientific Literature";"Eur J Med Chem";"2025";"None";"TIME = 0.1667 hr";"";"";"-0.9"
"CHEMBL481";"IRINOTECAN";"4.0";"586.69";"1";"4.09";"Irinotecan";"CCc1c2c(nc3ccc(OC(=O)N4CCC(N5CCCCC5)CC4)cc13)-c1cc3c(c(=O)n1C2)COC(=O)[C@]3(O)CC";"deltaG";"'='";"-30.5";"kJ/mol";"";"";"";"";"";"";"";"";"0";"CHEMBL6154592";"Binding affinity to HER2 G4 quadruplex DNA (GGAGAAGGAGGAGGTGGAGGAGGAGGG) (unknown origin) assessed as Gibbs free energy by ITC analysis";"B";"BAO_0000225";"nucleic acid format";"Not specified";"None";"None";"None";"None";"";"";"";"CHEMBL5209894";"Quadruplex DNA";"";"NUCLEIC-ACID";"CHEMBL6153050";"1";"Scientific Literature";"Eur J Med Chem";"2025";"None";"";"STABILISER";"";"-30.5"
"CHEMBL2111084";"BELOTECAN";"3.0";"433.51";"0";"2.62";"Belotecan";"CC[C@@]1(O)C(=O)OCc2c1cc1n(c2=O)Cc2c-1nc1ccccc1c2CCNC(C)C";"deltaH";"'='";"-23.0";"kJ/mol";"";"";"";"";"";"";"";"";"0";"CHEMBL6154593";"Binding affinity to c-Myc G4 quadruplex DNA (TGAGGGTGGGTAGGGTGGGTAA) (unknown origin) assessed as binding enthalpy by ITC analysis";"B";"BAO_0000225";"nucleic acid format";"Not specified";"None";"None";"None";"None";"";"";"";"CHEMBL5209894";"Quadruplex DNA";"";"NUCLEIC-ACID";"CHEMBL6153050";"1";"Scientific Literature";"Eur J Med Chem";"2025";"None";"";"STABILISER";"";"-23.0"
"CHEMBL2111084";"BELOTECAN";"3.0";"433.51";"0";"2.62";"Belotecan";"CC[C@@]1(O)C(=O)OCc2c1cc1n(c2=O)Cc2c-1nc1ccccc1c2CCNC(C)C";"TdeltaS";"'='";"2.6";"kJ/mol";"";"";"";"";"";"";"";"";"0";"CHEMBL6154596";"Binding affinity to HER2 G4 quadruplex DNA (GGAGAAGGAGGAGGTGGAGGAGGAGGG) (unknown origin) assessed as change in entropy by ITC analysis";"B";"BAO_0000225";"nucleic acid format";"Not specified";"None";"None";"None";"None";"";"";"";"CHEMBL5209894";"Quadruplex DNA";"";"NUCLEIC-ACID";"CHEMBL6153050";"1";"Scientific Literature";"Eur J Med Chem";"2025";"None";"";"STABILISER";"";"2.6"
"CHEMBL6143941";"";"None";"540.45";"1";"7.30";"A1";"C[n+]1c(/C=C/c2ccc(N(c3ccccc3)c3ccccc3)cc2)ccc2ccccc21.[I-]";"Kd";"'='";"5000.0";"nM";"5.30";"";"";"UO_0000065";"";"";"";"";"0";"CHEMBL6074721";"Binding affinity to 3-terminal mt6363 DNA (unknown origin) assessed as dissociation constant by TAMRA-labeled G4 quenching assay";"B";"BAO_0000225";"nucleic acid format";"Not specified";"None";"None";"None";"None";"";"";"";"CHEMBL5209894";"Quadruplex DNA";"";"NUCLEIC-ACID";"CHEMBL6074620";"1";"Scientific Literature";"Eur J Med Chem";"2024";"None";"";"STABILISER";"";"5.0"
"CHEMBL1929396";"ANAGLIPTIN";"4.0";"383.46";"0";"0.65";"Anagliptin";"Cc1cc2ncc(C(=O)NCC(C)(C)NCC(=O)N3CCC[C@H]3C#N)cn2n1";"deltaTm1/2";"'='";"-0.1";"degrees C";"";"";"";"UO_0000027";"";"";"";"";"0";"CHEMBL6154553";"Thermal stabilization of c-Myc G4 quadruplex DNA (TGAGGGTGGGTAGGGTGGGTAA) (unknown origin) assessed as change in half-width of melting temperature incubated for 10 mins by circular dichroism analysis (Rvb = 70.6 +/- 0.1 degreeC)";"B";"BAO_0000225";"nucleic acid format";"Not specified";"None";"None";"None";"None";"";"";"";"CHEMBL5209894";"Quadruplex DNA";"";"NUCLEIC-ACID";"CHEMBL6153050";"1";"Scientific Literature";"Eur J Med Chem";"2025";"None";"TIME = 0.1667 hr";"";"";"-0.1"
"CHEMBL1493";"FLAVOXATE";"4.0";"391.47";"0";"4.41";"Flavoxate";"Cc1c(-c2ccccc2)oc2c(C(=O)OCCN3CCCCC3)cccc2c1=O";"deltaTm1/2";"'='";"4.5";"degrees C";"";"";"";"UO_0000027";"";"";"";"";"0";"CHEMBL6154553";"Thermal stabilization of c-Myc G4 quadruplex DNA (TGAGGGTGGGTAGGGTGGGTAA) (unknown origin) assessed as change in half-width of melting temperature incubated for 10 mins by circular dichroism analysis (Rvb = 70.6 +/- 0.1 degreeC)";"B";"BAO_0000225";"nucleic acid format";"Not specified";"None";"None";"None";"None";"";"";"";"CHEMBL5209894";"Quadruplex DNA";"";"NUCLEIC-ACID";"CHEMBL6153050";"1";"Scientific Literature";"Eur J Med Chem";"2025";"None";"TIME = 0.1667 hr";"STABILISER";"";"4.5"
"CHEMBL267648";"PEFLOXACIN";"2.0";"333.36";"0";"1.61";"Pefloxacin";"CCn1cc(C(=O)O)c(=O)c2cc(F)c(N3CCN(C)CC3)cc21";"deltaTm1/2";"'='";"4.6";"degrees C";"";"";"";"UO_0000027";"";"";"";"";"0";"CHEMBL6154553";"Thermal stabilization of c-Myc G4 quadruplex DNA (TGAGGGTGGGTAGGGTGGGTAA) (unknown origin) assessed as change in half-width of melting temperature incubated for 10 mins by circular dichroism analysis (Rvb = 70.6 +/- 0.1 degreeC)";"B";"BAO_0000225";"nucleic acid format";"Not specified";"None";"None";"None";"None";"";"";"";"CHEMBL5209894";"Quadruplex DNA";"";"NUCLEIC-ACID";"CHEMBL6153050";"1";"Scientific Literature";"Eur J Med Chem";"2025";"None";"TIME = 0.1667 hr";"STABILISER";"";"4.6"
"CHEMBL506";"PRIMAQUINE";"4.0";"259.35";"0";"2.78";"Primaquine";"COc1cc(NC(C)CCCN)c2ncccc2c1";"deltaTm1/2";"'='";"-2.6";"degrees C";"";"";"";"UO_0000027";"";"";"";"";"0";"CHEMBL6154554";"Thermal stabilization of HER2 G4 quadruplex DNA (GGAGAAGGAGGAGGTGGAGGAGGAGGG) (unknown origin) assessed as change in half-width of melting temperature incubated for 10 mins by circular dichroism analysis (Rvb = 62.0 +/- 0.2 degreeC)";"B";"BAO_0000225";"nucleic acid format";"Not specified";"None";"None";"None";"None";"";"";"";"CHEMBL5209894";"Quadruplex DNA";"";"NUCLEIC-ACID";"CHEMBL6153050";"1";"Scientific Literature";"Eur J Med Chem";"2025";"None";"TIME = 0.1667 hr";"";"";"-2.6"
"CHEMBL81";"RALOXIFENE";"4.0";"473.59";"1";"6.08";"Raloxifene";"O=C(c1ccc(OCCN2CCCCC2)cc1)c1c(-c2ccc(O)cc2)sc2cc(O)ccc12";"deltaTm1/2";"'='";"3.2";"degrees C";"";"";"";"UO_0000027";"";"";"";"";"0";"CHEMBL6154554";"Thermal stabilization of HER2 G4 quadruplex DNA (GGAGAAGGAGGAGGTGGAGGAGGAGGG) (unknown origin) assessed as change in half-width of melting temperature incubated for 10 mins by circular dichroism analysis (Rvb = 62.0 +/- 0.2 degreeC)";"B";"BAO_0000225";"nucleic acid format";"Not specified";"None";"None";"None";"None";"";"";"";"CHEMBL5209894";"Quadruplex DNA";"";"NUCLEIC-ACID";"CHEMBL6153050";"1";"Scientific Literature";"Eur J Med Chem";"2025";"None";"TIME = 0.1667 hr";"STABILISER";"";"3.2"
"CHEMBL226507";"SINENSETIN";"None";"372.37";"0";"3.50";"Sinensetin";"COc1ccc(-c2cc(=O)c3c(OC)c(OC)c(OC)cc3o2)cc1OC";"deltaTm1/2";"'='";"4.0";"degrees C";"";"";"";"UO_0000027";"";"";"";"";"0";"CHEMBL6154554";"Thermal stabilization of HER2 G4 quadruplex DNA (GGAGAAGGAGGAGGTGGAGGAGGAGGG) (unknown origin) assessed as change in half-width of melting temperature incubated for 10 mins by circular dichroism analysis (Rvb = 62.0 +/- 0.2 degreeC)";"B";"BAO_0000225";"nucleic acid format";"Not specified";"None";"None";"None";"None";"";"";"";"CHEMBL5209894";"Quadruplex DNA";"";"NUCLEIC-ACID";"CHEMBL6153050";"1";"Scientific Literature";"Eur J Med Chem";"2025";"None";"TIME = 0.1667 hr";"STABILISER";"";"4.0"
"CHEMBL639";"AZELASTINE";"4.0";"381.91";"0";"4.30";"Azelastine";"CN1CCCC(n2nc(Cc3ccc(Cl)cc3)c3ccccc3c2=O)CC1";"deltaTm1/2";"'='";"17.1";"degrees C";"";"";"";"UO_0000027";"";"";"";"";"0";"CHEMBL6154555";"Thermal stabilization of NRAS G4 quadruplex DNA (TGGGAGGGGCGGGTCTGGGT) (unknown origin) assessed as change in half-width of melting temperature incubated for 10 mins by circular dichroism analysis (Rvb = 61.6 +/- 0.1 degreeC)";"B";"BAO_0000225";"nucleic acid format";"Not specified";"None";"None";"None";"None";"";"";"";"CHEMBL5209894";"Quadruplex DNA";"";"NUCLEIC-ACID";"CHEMBL6153050";"1";"Scientific Literature";"Eur J Med Chem";"2025";"None";"TIME = 0.1667 hr";"STABILISER";"";"17.1"
"CHEMBL1738797";"ALECTINIB";"4.0";"482.63";"0";"4.77";"Alectinib";"CCc1cc2c(cc1N1CCC(N3CCOCC3)CC1)C(C)(C)c1[nH]c3cc(C#N)ccc3c1C2=O";"deltaTm1/2";"'='";"-1.1";"degrees C";"";"";"";"UO_0000027";"";"";"";"";"0";"CHEMBL6154556";"Thermal stabilization of YY1 G4 quadruplex DNA (GGGGGAAAGGGTGGGCAAGGG) (unknown origin) assessed as change in half-width of melting temperature incubated for 10 mins by circular dichroism analysis (Rvb = 60.6 +/- 0.1 degreeC)";"B";"BAO_0000225";"nucleic acid format";"Not specified";"None";"None";"None";"None";"";"";"";"CHEMBL5209894";"Quadruplex DNA";"";"NUCLEIC-ACID";"CHEMBL6153050";"1";"Scientific Literature";"Eur J Med Chem";"2025";"None";"TIME = 0.1667 hr";"";"";"-1.1"
"CHEMBL1095777";"INDACATEROL";"4.0";"392.50";"0";"3.15";"Indacaterol";"CCc1cc2c(cc1CC)CC(NC[C@H](O)c1ccc(O)c3[nH]c(=O)ccc13)C2";"deltaTm1/2";"'='";"4.0";"degrees C";"";"";"";"UO_0000027";"";"";"";"";"0";"CHEMBL6154556";"Thermal stabilization of YY1 G4 quadruplex DNA (GGGGGAAAGGGTGGGCAAGGG) (unknown origin) assessed as change in half-width of melting temperature incubated for 10 mins by circular dichroism analysis (Rvb = 60.6 +/- 0.1 degreeC)";"B";"BAO_0000225";"nucleic acid format";"Not specified";"None";"None";"None";"None";"";"";"";"CHEMBL5209894";"Quadruplex DNA";"";"NUCLEIC-ACID";"CHEMBL6153050";"1";"Scientific Literature";"Eur J Med Chem";"2025";"None";"TIME = 0.1667 hr";"STABILISER";"";"4.0"
"CHEMBL2111084";"BELOTECAN";"3.0";"433.51";"0";"2.62";"Belotecan";"CC[C@@]1(O)C(=O)OCc2c1cc1n(c2=O)Cc2c-1nc1ccccc1c2CCNC(C)C";"TdeltaS";"'='";"7.5";"kJ/mol";"";"";"";"";"";"";"";"";"0";"CHEMBL6154595";"Binding affinity to c-Myc G4 quadruplex DNA (TGAGGGTGGGTAGGGTGGGTAA) (unknown origin) assessed as change in entropy by ITC analysis";"B";"BAO_0000225";"nucleic acid format";"Not specified";"None";"None";"None";"None";"";"";"";"CHEMBL5209894";"Quadruplex DNA";"";"NUCLEIC-ACID";"CHEMBL6153050";"1";"Scientific Literature";"Eur J Med Chem";"2025";"None";"";"STABILISER";"";"7.5"
"CHEMBL2107723";"ACOTIAMIDE";"3.0";"450.56";"0";"2.97";"Acotiamide";"COc1cc(O)c(C(=O)Nc2nc(C(=O)NCCN(C(C)C)C(C)C)cs2)cc1OC";"deltaTm1/2";"'='";"4.4";"degrees C";"";"";"";"UO_0000027";"";"";"";"";"0";"CHEMBL6154554";"Thermal stabilization of HER2 G4 quadruplex DNA (GGAGAAGGAGGAGGTGGAGGAGGAGGG) (unknown origin) assessed as change in half-width of melting temperature incubated for 10 mins by circular dichroism analysis (Rvb = 62.0 +/- 0.2 degreeC)";"B";"BAO_0000225";"nucleic acid format";"Not specified";"None";"None";"None";"None";"";"";"";"CHEMBL5209894";"Quadruplex DNA";"";"NUCLEIC-ACID";"CHEMBL6153050";"1";"Scientific Literature";"Eur J Med Chem";"2025";"None";"TIME = 0.1667 hr";"STABILISER";"";"4.4"
"CHEMBL6193280";"";"None";"370.37";"0";"4.06";"YP/MG-16";"COc1cc(-c2nc3c4cccnc4c4ncccc4c3[nH]2)cc2c1OCO2";"Activity";"";"";"";"";"";"";"";"";"";"";"";"0";"CHEMBL6186750";"Binding affinity to G-quadruplex DNA (unknown origin) at 5 uM by fluorescence quenching analysis";"B";"BAO_0000225";"nucleic acid format";"Not specified";"None";"None";"None";"None";"";"";"";"CHEMBL5209894";"Quadruplex DNA";"";"NUCLEIC-ACID";"CHEMBL6182924";"1";"Scientific Literature";"J Med Chem";"2025";"None";"DOSE = 5.0 microM";"INHIBITOR";"Active";""
"CHEMBL1738797";"ALECTINIB";"4.0";"482.63";"0";"4.77";"Alectinib";"CCc1cc2c(cc1N1CCC(N3CCOCC3)CC1)C(C)(C)c1[nH]c3cc(C#N)ccc3c1C2=O";"deltaTm1/2";"'='";"0.0";"degrees C";"";"";"";"UO_0000027";"";"";"";"";"0";"CHEMBL6154553";"Thermal stabilization of c-Myc G4 quadruplex DNA (TGAGGGTGGGTAGGGTGGGTAA) (unknown origin) assessed as change in half-width of melting temperature incubated for 10 mins by circular dichroism analysis (Rvb = 70.6 +/- 0.1 degreeC)";"B";"BAO_0000225";"nucleic acid format";"Not specified";"None";"None";"None";"None";"";"";"";"CHEMBL5209894";"Quadruplex DNA";"";"NUCLEIC-ACID";"CHEMBL6153050";"1";"Scientific Literature";"Eur J Med Chem";"2025";"None";"TIME = 0.1667 hr";"STABILISER";"";"0.0"
"CHEMBL1510";"ELETRIPTAN";"4.0";"382.53";"0";"3.82";"Eletriptan";"CN1CCC[C@@H]1Cc1c[nH]c2ccc(CCS(=O)(=O)c3ccccc3)cc12";"deltaTm1/2";"'='";"0.6";"degrees C";"";"";"";"UO_0000027";"";"";"";"";"0";"CHEMBL6154553";"Thermal stabilization of c-Myc G4 quadruplex DNA (TGAGGGTGGGTAGGGTGGGTAA) (unknown origin) assessed as change in half-width of melting temperature incubated for 10 mins by circular dichroism analysis (Rvb = 70.6 +/- 0.1 degreeC)";"B";"BAO_0000225";"nucleic acid format";"Not specified";"None";"None";"None";"None";"";"";"";"CHEMBL5209894";"Quadruplex DNA";"";"NUCLEIC-ACID";"CHEMBL6153050";"1";"Scientific Literature";"Eur J Med Chem";"2025";"None";"TIME = 0.1667 hr";"STABILISER";"";"0.6"
"CHEMBL1510";"ELETRIPTAN";"4.0";"382.53";"0";"3.82";"Eletriptan";"CN1CCC[C@@H]1Cc1c[nH]c2ccc(CCS(=O)(=O)c3ccccc3)cc12";"deltaTm1/2";"'='";"5.2";"degrees C";"";"";"";"UO_0000027";"";"";"";"";"0";"CHEMBL6154554";"Thermal stabilization of HER2 G4 quadruplex DNA (GGAGAAGGAGGAGGTGGAGGAGGAGGG) (unknown origin) assessed as change in half-width of melting temperature incubated for 10 mins by circular dichroism analysis (Rvb = 62.0 +/- 0.2 degreeC)";"B";"BAO_0000225";"nucleic acid format";"Not specified";"None";"None";"None";"None";"";"";"";"CHEMBL5209894";"Quadruplex DNA";"";"NUCLEIC-ACID";"CHEMBL6153050";"1";"Scientific Literature";"Eur J Med Chem";"2025";"None";"TIME = 0.1667 hr";"STABILISER";"";"5.2"
"CHEMBL12610";"BENZYDAMINE";"4.0";"309.41";"0";"3.42";"Benzydamine";"CN(C)CCCOc1nn(Cc2ccccc2)c2ccccc12";"deltaTm1/2";"'='";"8.4";"degrees C";"";"";"";"UO_0000027";"";"";"";"";"0";"CHEMBL6154555";"Thermal stabilization of NRAS G4 quadruplex DNA (TGGGAGGGGCGGGTCTGGGT) (unknown origin) assessed as change in half-width of melting temperature incubated for 10 mins by circular dichroism analysis (Rvb = 61.6 +/- 0.1 degreeC)";"B";"BAO_0000225";"nucleic acid format";"Not specified";"None";"None";"None";"None";"";"";"";"CHEMBL5209894";"Quadruplex DNA";"";"NUCLEIC-ACID";"CHEMBL6153050";"1";"Scientific Literature";"Eur J Med Chem";"2025";"None";"TIME = 0.1667 hr";"STABILISER";"";"8.4"
"CHEMBL81";"RALOXIFENE";"4.0";"473.59";"1";"6.08";"Raloxifene";"O=C(c1ccc(OCCN2CCCCC2)cc1)c1c(-c2ccc(O)cc2)sc2cc(O)ccc12";"deltaTm1/2";"'='";"7.8";"degrees C";"";"";"";"UO_0000027";"";"";"";"";"0";"CHEMBL6154556";"Thermal stabilization of YY1 G4 quadruplex DNA (GGGGGAAAGGGTGGGCAAGGG) (unknown origin) assessed as change in half-width of melting temperature incubated for 10 mins by circular dichroism analysis (Rvb = 60.6 +/- 0.1 degreeC)";"B";"BAO_0000225";"nucleic acid format";"Not specified";"None";"None";"None";"None";"";"";"";"CHEMBL5209894";"Quadruplex DNA";"";"NUCLEIC-ACID";"CHEMBL6153050";"1";"Scientific Literature";"Eur J Med Chem";"2025";"None";"TIME = 0.1667 hr";"STABILISER";"";"7.8"
"CHEMBL481";"IRINOTECAN";"4.0";"586.69";"1";"4.09";"Irinotecan";"CCc1c2c(nc3ccc(OC(=O)N4CCC(N5CCCCC5)CC4)cc13)-c1cc3c(c(=O)n1C2)COC(=O)[C@]3(O)CC";"Ka";"'='";"1.5";"10^5/M";"";"";"";"";"";"";"";"";"0";"CHEMBL6154589";"Binding affinity to c-Myc G4 quadruplex DNA (TGAGGGTGGGTAGGGTGGGTAA) (unknown origin) assessed as equilibrium binding constant (Ka) by ITC analysis";"B";"BAO_0000225";"nucleic acid format";"Not specified";"None";"None";"None";"None";"";"";"";"CHEMBL5209894";"Quadruplex DNA";"";"NUCLEIC-ACID";"CHEMBL6153050";"1";"Scientific Literature";"Eur J Med Chem";"2025";"None";"";"STABILISER";"";"1.5"
"CHEMBL5613617";"";"None";"514.72";"2";"8.97";"L4";"C[C@]12SC(c3ccc4cccnc4c3)=CC1=C1CCCC1=C1C=C(c3ccc4cccnc4c3)S[C@@]12C";"Activity";"";"";"";"";"";"";"";"";"";"";"";"0";"CHEMBL5609050";"Binding affinity to Trypanosoma cruzi G-quadruplex TCr DNA (FAM-5'-GGGAGGGACGGATGGGCAGAAACGGG-3'-TAMRA) assessed as broadening of imino proton signals at 1 equiv. by 1H-NMR analysis";"B";"BAO_0000225";"nucleic acid format";"Trypanosoma cruzi";"None";"None";"None";"None";"";"";"";"CHEMBL5209894";"Quadruplex DNA";"";"NUCLEIC-ACID";"CHEMBL5608180";"1";"Scientific Literature";"Eur J Med Chem";"2024";"None";"DOSE = 1.0 equiv";"STABILISER";"Active";""
"CHEMBL2111084";"BELOTECAN";"3.0";"433.51";"0";"2.62";"Belotecan";"CC[C@@]1(O)C(=O)OCc2c1cc1n(c2=O)Cc2c-1nc1ccccc1c2CCNC(C)C";"Ka";"'='";"2.3";"10^5/M";"";"";"";"";"";"";"";"";"0";"CHEMBL6154590";"Binding affinity to HER2 G4 quadruplex DNA (GGAGAAGGAGGAGGTGGAGGAGGAGGG) (unknown origin) assessed as equilibrium binding constant (Ka) by ITC analysis";"B";"BAO_0000225";"nucleic acid format";"Not specified";"None";"None";"None";"None";"";"";"";"CHEMBL5209894";"Quadruplex DNA";"";"NUCLEIC-ACID";"CHEMBL6153050";"1";"Scientific Literature";"Eur J Med Chem";"2025";"None";"";"STABILISER";"";"2.3"
"CHEMBL639";"AZELASTINE";"4.0";"381.91";"0";"4.30";"Azelastine";"CN1CCCC(n2nc(Cc3ccc(Cl)cc3)c3ccccc3c2=O)CC1";"deltaTm1/2";"'='";"7.7";"degrees C";"";"";"";"UO_0000027";"";"";"";"";"0";"CHEMBL6154553";"Thermal stabilization of c-Myc G4 quadruplex DNA (TGAGGGTGGGTAGGGTGGGTAA) (unknown origin) assessed as change in half-width of melting temperature incubated for 10 mins by circular dichroism analysis (Rvb = 70.6 +/- 0.1 degreeC)";"B";"BAO_0000225";"nucleic acid format";"Not specified";"None";"None";"None";"None";"";"";"";"CHEMBL5209894";"Quadruplex DNA";"";"NUCLEIC-ACID";"CHEMBL6153050";"1";"Scientific Literature";"Eur J Med Chem";"2025";"None";"TIME = 0.1667 hr";"STABILISER";"";"7.7"
"CHEMBL3137312";"DASABUVIR";"4.0";"493.59";"0";"4.02";"Dasabuvir";"COc1c(-c2ccc3cc(NS(C)(=O)=O)ccc3c2)cc(-n2ccc(=O)[nH]c2=O)cc1C(C)(C)C";"deltaTm1/2";"'='";"-0.4";"degrees C";"";"";"";"UO_0000027";"";"";"";"";"0";"CHEMBL6154553";"Thermal stabilization of c-Myc G4 quadruplex DNA (TGAGGGTGGGTAGGGTGGGTAA) (unknown origin) assessed as change in half-width of melting temperature incubated for 10 mins by circular dichroism analysis (Rvb = 70.6 +/- 0.1 degreeC)";"B";"BAO_0000225";"nucleic acid format";"Not specified";"None";"None";"None";"None";"";"";"";"CHEMBL5209894";"Quadruplex DNA";"";"NUCLEIC-ACID";"CHEMBL6153050";"1";"Scientific Literature";"Eur J Med Chem";"2025";"None";"TIME = 0.1667 hr";"";"";"-0.4"
"CHEMBL481";"IRINOTECAN";"4.0";"586.69";"1";"4.09";"Irinotecan";"CCc1c2c(nc3ccc(OC(=O)N4CCC(N5CCCCC5)CC4)cc13)-c1cc3c(c(=O)n1C2)COC(=O)[C@]3(O)CC";"deltaTm1/2";"'='";"8.7";"degrees C";"";"";"";"UO_0000027";"";"";"";"";"0";"CHEMBL6154554";"Thermal stabilization of HER2 G4 quadruplex DNA (GGAGAAGGAGGAGGTGGAGGAGGAGGG) (unknown origin) assessed as change in half-width of melting temperature incubated for 10 mins by circular dichroism analysis (Rvb = 62.0 +/- 0.2 degreeC)";"B";"BAO_0000225";"nucleic acid format";"Not specified";"None";"None";"None";"None";"";"";"";"CHEMBL5209894";"Quadruplex DNA";"";"NUCLEIC-ACID";"CHEMBL6153050";"1";"Scientific Literature";"Eur J Med Chem";"2025";"None";"TIME = 0.1667 hr";"STABILISER";"";"8.7"
"CHEMBL481";"IRINOTECAN";"4.0";"586.69";"1";"4.09";"Irinotecan";"CCc1c2c(nc3ccc(OC(=O)N4CCC(N5CCCCC5)CC4)cc13)-c1cc3c(c(=O)n1C2)COC(=O)[C@]3(O)CC";"deltaG";"'='";"-29.6";"kJ/mol";"";"";"";"";"";"";"";"";"0";"CHEMBL6154591";"Binding affinity to c-Myc G4 quadruplex DNA (TGAGGGTGGGTAGGGTGGGTAA) (unknown origin) assessed as Gibbs free energy by ITC analysis";"B";"BAO_0000225";"nucleic acid format";"Not specified";"None";"None";"None";"None";"";"";"";"CHEMBL5209894";"Quadruplex DNA";"";"NUCLEIC-ACID";"CHEMBL6153050";"1";"Scientific Literature";"Eur J Med Chem";"2025";"None";"";"STABILISER";"";"-29.6"
"CHEMBL481";"IRINOTECAN";"4.0";"586.69";"1";"4.09";"Irinotecan";"CCc1c2c(nc3ccc(OC(=O)N4CCC(N5CCCCC5)CC4)cc13)-c1cc3c(c(=O)n1C2)COC(=O)[C@]3(O)CC";"TdeltaS";"'='";"7.9";"kJ/mol";"";"";"";"";"";"";"";"";"0";"CHEMBL6154596";"Binding affinity to HER2 G4 quadruplex DNA (GGAGAAGGAGGAGGTGGAGGAGGAGGG) (unknown origin) assessed as change in entropy by ITC analysis";"B";"BAO_0000225";"nucleic acid format";"Not specified";"None";"None";"None";"None";"";"";"";"CHEMBL5209894";"Quadruplex DNA";"";"NUCLEIC-ACID";"CHEMBL6153050";"1";"Scientific Literature";"Eur J Med Chem";"2025";"None";"";"STABILISER";"";"7.9"
"CHEMBL1201760";"BESIFLOXACIN";"4.0";"393.85";"0";"3.14";"Besifloxacin";"N[C@@H]1CCCCN(c2c(F)cc3c(=O)c(C(=O)O)cn(C4CC4)c3c2Cl)C1";"deltaTm1/2";"'='";"1.3";"degrees C";"";"";"";"UO_0000027";"";"";"";"";"0";"CHEMBL6154553";"Thermal stabilization of c-Myc G4 quadruplex DNA (TGAGGGTGGGTAGGGTGGGTAA) (unknown origin) assessed as change in half-width of melting temperature incubated for 10 mins by circular dichroism analysis (Rvb = 70.6 +/- 0.1 degreeC)";"B";"BAO_0000225";"nucleic acid format";"Not specified";"None";"None";"None";"None";"";"";"";"CHEMBL5209894";"Quadruplex DNA";"";"NUCLEIC-ACID";"CHEMBL6153050";"1";"Scientific Literature";"Eur J Med Chem";"2025";"None";"TIME = 0.1667 hr";"STABILISER";"";"1.3"
"CHEMBL1086";"DIBUCAINE";"4.0";"343.47";"0";"3.49";"Dibucaine";"CCCCOc1cc(C(=O)NCCN(CC)CC)c2ccccc2n1";"deltaTm1/2";"'='";"0.2";"degrees C";"";"";"";"UO_0000027";"";"";"";"";"0";"CHEMBL6154553";"Thermal stabilization of c-Myc G4 quadruplex DNA (TGAGGGTGGGTAGGGTGGGTAA) (unknown origin) assessed as change in half-width of melting temperature incubated for 10 mins by circular dichroism analysis (Rvb = 70.6 +/- 0.1 degreeC)";"B";"BAO_0000225";"nucleic acid format";"Not specified";"None";"None";"None";"None";"";"";"";"CHEMBL5209894";"Quadruplex DNA";"";"NUCLEIC-ACID";"CHEMBL6153050";"1";"Scientific Literature";"Eur J Med Chem";"2025";"None";"TIME = 0.1667 hr";"STABILISER";"";"0.2"
"CHEMBL1086";"DIBUCAINE";"4.0";"343.47";"0";"3.49";"Dibucaine";"CCCCOc1cc(C(=O)NCCN(CC)CC)c2ccccc2n1";"deltaTm1/2";"'='";"4.4";"degrees C";"";"";"";"UO_0000027";"";"";"";"";"0";"CHEMBL6154554";"Thermal stabilization of HER2 G4 quadruplex DNA (GGAGAAGGAGGAGGTGGAGGAGGAGGG) (unknown origin) assessed as change in half-width of melting temperature incubated for 10 mins by circular dichroism analysis (Rvb = 62.0 +/- 0.2 degreeC)";"B";"BAO_0000225";"nucleic acid format";"Not specified";"None";"None";"None";"None";"";"";"";"CHEMBL5209894";"Quadruplex DNA";"";"NUCLEIC-ACID";"CHEMBL6153050";"1";"Scientific Literature";"Eur J Med Chem";"2025";"None";"TIME = 0.1667 hr";"STABILISER";"";"4.4"
"CHEMBL1493";"FLAVOXATE";"4.0";"391.47";"0";"4.41";"Flavoxate";"Cc1c(-c2ccccc2)oc2c(C(=O)OCCN3CCCCC3)cccc2c1=O";"deltaTm1/2";"'='";"-2.6";"degrees C";"";"";"";"UO_0000027";"";"";"";"";"0";"CHEMBL6154554";"Thermal stabilization of HER2 G4 quadruplex DNA (GGAGAAGGAGGAGGTGGAGGAGGAGGG) (unknown origin) assessed as change in half-width of melting temperature incubated for 10 mins by circular dichroism analysis (Rvb = 62.0 +/- 0.2 degreeC)";"B";"BAO_0000225";"nucleic acid format";"Not specified";"None";"None";"None";"None";"";"";"";"CHEMBL5209894";"Quadruplex DNA";"";"NUCLEIC-ACID";"CHEMBL6153050";"1";"Scientific Literature";"Eur J Med Chem";"2025";"None";"TIME = 0.1667 hr";"";"";"-2.6"
"CHEMBL7568";"QUINACRINE";"4.0";"399.97";"1";"5.97";"Quinacrine";"CCN(CC)CCCC(C)Nc1c2ccc(Cl)cc2nc2ccc(OC)cc12";"deltaTm1/2";"'='";"18.5";"degrees C";"";"";"";"UO_0000027";"";"";"";"";"0";"CHEMBL6154554";"Thermal stabilization of HER2 G4 quadruplex DNA (GGAGAAGGAGGAGGTGGAGGAGGAGGG) (unknown origin) assessed as change in half-width of melting temperature incubated for 10 mins by circular dichroism analysis (Rvb = 62.0 +/- 0.2 degreeC)";"B";"BAO_0000225";"nucleic acid format";"Not specified";"None";"None";"None";"None";"";"";"";"CHEMBL5209894";"Quadruplex DNA";"";"NUCLEIC-ACID";"CHEMBL6153050";"1";"Scientific Literature";"Eur J Med Chem";"2025";"None";"TIME = 0.1667 hr";"STABILISER";"";"18.5"
"CHEMBL6142957";"";"None";"451.48";"0";"3.65";"21";"O=C(NCc1ccccc1)c1ccc2[nH]c(=O)c3cc(=O)c(OCc4ccccc4)cn3c2c1";"Delta Tm";"'='";"7.5";"degrees C";"";"";"";"UO_0000027";"";"";"";"";"0";"CHEMBL6098785";"Stabilization of Parallel c-Kit2 G4-quadruplex DNA (5'-CGGGCGGGCGCTAGGGAGGGT-3') (unknown origin) assessed as change in melting temperature at 5 equiv. by CD melting based analysis";"B";"BAO_0000225";"nucleic acid format";"Not specified";"None";"None";"None";"None";"";"";"";"CHEMBL5209894";"Quadruplex DNA";"";"NUCLEIC-ACID";"CHEMBL6096674";"1";"Scientific Literature";"J Med Chem";"2025";"None";"DOSE = 5.0 equiv";"STABILISER";"";"7.5"
"CHEMBL6161658";"";"None";"356.38";"0";"0.53";"16";"CN(C)CCCNC(=O)c1ccc2[nH]c(=O)c3cc(=O)c(O)cn3c2c1";"Delta Tm";"'='";"10.1";"degrees C";"";"";"";"UO_0000027";"";"";"";"";"0";"CHEMBL6098785";"Stabilization of Parallel c-Kit2 G4-quadruplex DNA (5'-CGGGCGGGCGCTAGGGAGGGT-3') (unknown origin) assessed as change in melting temperature at 5 equiv. by CD melting based analysis";"B";"BAO_0000225";"nucleic acid format";"Not specified";"None";"None";"None";"None";"";"";"";"CHEMBL5209894";"Quadruplex DNA";"";"NUCLEIC-ACID";"CHEMBL6096674";"1";"Scientific Literature";"J Med Chem";"2025";"None";"DOSE = 5.0 equiv";"STABILISER";"";"10.1"
"CHEMBL6160989";"";"None";"384.39";"0";"-0.09";"19";"O=C(NCCN1CCOCC1)c1ccc2[nH]c(=O)c3cc(=O)c(O)cn3c2c1";"Delta Tm";"'='";"-0.5";"degrees C";"";"";"Deltatm Value Less Than 3 Degc Indicates Negligible Effects";"UO_0000027";"";"";"";"";"0";"CHEMBL6098787";"Stabilization of Hybrid Bcl2 G4-quadruplex DNA (5'-AGGGCGCGGGAGGAAGGGGGCGGGA-3') (unknown origin) assessed as change in melting temperature at 5 equiv. by CD melting based analysis";"B";"BAO_0000225";"nucleic acid format";"Not specified";"None";"None";"None";"None";"";"";"";"CHEMBL5209894";"Quadruplex DNA";"";"NUCLEIC-ACID";"CHEMBL6096674";"1";"Scientific Literature";"J Med Chem";"2025";"None";"DOSE = 5.0 equiv";"BINDING AGENT";"";"-0.5"
"CHEMBL6148022";"";"None";"362.34";"0";"2.42";"20";"O=C(O)c1ccc2[nH]c(=O)c3cc(=O)c(OCc4ccccc4)cn3c2c1";"Delta Tm";"'='";"1.4";"degrees C";"";"";"Deltatm Value Less Than 3 Degc Indicates Negligible Effects";"UO_0000027";"";"";"";"";"0";"CHEMBL6098787";"Stabilization of Hybrid Bcl2 G4-quadruplex DNA (5'-AGGGCGCGGGAGGAAGGGGGCGGGA-3') (unknown origin) assessed as change in melting temperature at 5 equiv. by CD melting based analysis";"B";"BAO_0000225";"nucleic acid format";"Not specified";"None";"None";"None";"None";"";"";"";"CHEMBL5209894";"Quadruplex DNA";"";"NUCLEIC-ACID";"CHEMBL6096674";"1";"Scientific Literature";"J Med Chem";"2025";"None";"DOSE = 5.0 equiv";"STABILISER";"";"1.4"
"CHEMBL6142957";"";"None";"451.48";"0";"3.65";"21";"O=C(NCc1ccccc1)c1ccc2[nH]c(=O)c3cc(=O)c(OCc4ccccc4)cn3c2c1";"Delta Tm";"'='";"3.6";"degrees C";"";"";"";"UO_0000027";"";"";"";"";"0";"CHEMBL6098787";"Stabilization of Hybrid Bcl2 G4-quadruplex DNA (5'-AGGGCGCGGGAGGAAGGGGGCGGGA-3') (unknown origin) assessed as change in melting temperature at 5 equiv. by CD melting based analysis";"B";"BAO_0000225";"nucleic acid format";"Not specified";"None";"None";"None";"None";"";"";"";"CHEMBL5209894";"Quadruplex DNA";"";"NUCLEIC-ACID";"CHEMBL6096674";"1";"Scientific Literature";"J Med Chem";"2025";"None";"DOSE = 5.0 equiv";"STABILISER";"";"3.6"
"CHEMBL1800159";"RELUGOLIX";"4.0";"623.64";"2";"3.75";"Relugolix";"CONC(=O)Nc1ccc(-c2sc3c(c2CN(C)C)c(=O)n(-c2ccc(OC)nn2)c(=O)n3Cc2c(F)cccc2F)cc1";"deltaTm1/2";"'='";"1.9";"degrees C";"";"";"";"UO_0000027";"";"";"";"";"0";"CHEMBL6154554";"Thermal stabilization of HER2 G4 quadruplex DNA (GGAGAAGGAGGAGGTGGAGGAGGAGGG) (unknown origin) assessed as change in half-width of melting temperature incubated for 10 mins by circular dichroism analysis (Rvb = 62.0 +/- 0.2 degreeC)";"B";"BAO_0000225";"nucleic acid format";"Not specified";"None";"None";"None";"None";"";"";"";"CHEMBL5209894";"Quadruplex DNA";"";"NUCLEIC-ACID";"CHEMBL6153050";"1";"Scientific Literature";"Eur J Med Chem";"2025";"None";"TIME = 0.1667 hr";"STABILISER";"";"1.9"
"CHEMBL2107723";"ACOTIAMIDE";"3.0";"450.56";"0";"2.97";"Acotiamide";"COc1cc(O)c(C(=O)Nc2nc(C(=O)NCCN(C(C)C)C(C)C)cs2)cc1OC";"deltaTm1/2";"'='";"9.5";"degrees C";"";"";"";"UO_0000027";"";"";"";"";"0";"CHEMBL6154555";"Thermal stabilization of NRAS G4 quadruplex DNA (TGGGAGGGGCGGGTCTGGGT) (unknown origin) assessed as change in half-width of melting temperature incubated for 10 mins by circular dichroism analysis (Rvb = 61.6 +/- 0.1 degreeC)";"B";"BAO_0000225";"nucleic acid format";"Not specified";"None";"None";"None";"None";"";"";"";"CHEMBL5209894";"Quadruplex DNA";"";"NUCLEIC-ACID";"CHEMBL6153050";"1";"Scientific Literature";"Eur J Med Chem";"2025";"None";"TIME = 0.1667 hr";"STABILISER";"";"9.5"
"CHEMBL1086";"DIBUCAINE";"4.0";"343.47";"0";"3.49";"Dibucaine";"CCCCOc1cc(C(=O)NCCN(CC)CC)c2ccccc2n1";"deltaTm1/2";"'='";"5.4";"degrees C";"";"";"";"UO_0000027";"";"";"";"";"0";"CHEMBL6154555";"Thermal stabilization of NRAS G4 quadruplex DNA (TGGGAGGGGCGGGTCTGGGT) (unknown origin) assessed as change in half-width of melting temperature incubated for 10 mins by circular dichroism analysis (Rvb = 61.6 +/- 0.1 degreeC)";"B";"BAO_0000225";"nucleic acid format";"Not specified";"None";"None";"None";"None";"";"";"";"CHEMBL5209894";"Quadruplex DNA";"";"NUCLEIC-ACID";"CHEMBL6153050";"1";"Scientific Literature";"Eur J Med Chem";"2025";"None";"TIME = 0.1667 hr";"STABILISER";"";"5.4"
"CHEMBL6143816";"";"None";"600.50";"1";"7.32";"A4";"COc1ccc(N(c2ccc(/C=C/c3ccc4ccccc4[n+]3C)cc2)c2ccc(OC)cc2)cc1.[I-]";"Kd";"'='";"9000.0";"nM";"5.05";"";"";"UO_0000065";"";"";"";"";"0";"CHEMBL6074722";"Binding affinity to 5-terminal mt6363 DNA (unknown origin) assessed as dissociation constant by TAMRA-labeled G4 quenching assay";"B";"BAO_0000225";"nucleic acid format";"Not specified";"None";"None";"None";"None";"";"";"";"CHEMBL5209894";"Quadruplex DNA";"";"NUCLEIC-ACID";"CHEMBL6074620";"1";"Scientific Literature";"Eur J Med Chem";"2024";"None";"";"STABILISER";"";"9.0"
"CHEMBL6120826";"";"None";"666.60";"2";"9.05";"A6";"COc1ccc(N(c2ccc(/C=C/C3=[N+](C)c4ccc5ccccc5c4C3(C)C)cc2)c2ccc(OC)cc2)cc1.[I-]";"Kd";"'='";"2400.0";"nM";"5.62";"";"";"UO_0000065";"";"";"";"";"0";"CHEMBL6074722";"Binding affinity to 5-terminal mt6363 DNA (unknown origin) assessed as dissociation constant by TAMRA-labeled G4 quenching assay";"B";"BAO_0000225";"nucleic acid format";"Not specified";"None";"None";"None";"None";"";"";"";"CHEMBL5209894";"Quadruplex DNA";"";"NUCLEIC-ACID";"CHEMBL6074620";"1";"Scientific Literature";"Eur J Med Chem";"2024";"None";"";"STABILISER";"";"2.4"
"CHEMBL267648";"PEFLOXACIN";"2.0";"333.36";"0";"1.61";"Pefloxacin";"CCn1cc(C(=O)O)c(=O)c2cc(F)c(N3CCN(C)CC3)cc21";"deltaTm1/2";"'='";"1.0";"degrees C";"";"";"";"UO_0000027";"";"";"";"";"0";"CHEMBL6154556";"Thermal stabilization of YY1 G4 quadruplex DNA (GGGGGAAAGGGTGGGCAAGGG) (unknown origin) assessed as change in half-width of melting temperature incubated for 10 mins by circular dichroism analysis (Rvb = 60.6 +/- 0.1 degreeC)";"B";"BAO_0000225";"nucleic acid format";"Not specified";"None";"None";"None";"None";"";"";"";"CHEMBL5209894";"Quadruplex DNA";"";"NUCLEIC-ACID";"CHEMBL6153050";"1";"Scientific Literature";"Eur J Med Chem";"2025";"None";"TIME = 0.1667 hr";"STABILISER";"";"1.0"
"CHEMBL481";"IRINOTECAN";"4.0";"586.69";"1";"4.09";"Irinotecan";"CCc1c2c(nc3ccc(OC(=O)N4CCC(N5CCCCC5)CC4)cc13)-c1cc3c(c(=O)n1C2)COC(=O)[C@]3(O)CC";"deltaH";"'='";"-22.6";"kJ/mol";"";"";"";"";"";"";"";"";"0";"CHEMBL6154594";"Binding affinity to HER2 G4 quadruplex DNA (GGAGAAGGAGGAGGTGGAGGAGGAGGG) (unknown origin) assessed as binding enthalpy by ITC analysis";"B";"BAO_0000225";"nucleic acid format";"Not specified";"None";"None";"None";"None";"";"";"";"CHEMBL5209894";"Quadruplex DNA";"";"NUCLEIC-ACID";"CHEMBL6153050";"1";"Scientific Literature";"Eur J Med Chem";"2025";"None";"";"STABILISER";"";"-22.6"
"CHEMBL1257051";"TEDIZOLID";"4.0";"370.34";"0";"1.40";"Tedizolid";"Cn1nnc(-c2ccc(-c3ccc(N4C[C@H](CO)OC4=O)cc3F)cn2)n1";"deltaTm1/2";"'='";"1.2";"degrees C";"";"";"";"UO_0000027";"";"";"";"";"0";"CHEMBL6154553";"Thermal stabilization of c-Myc G4 quadruplex DNA (TGAGGGTGGGTAGGGTGGGTAA) (unknown origin) assessed as change in half-width of melting temperature incubated for 10 mins by circular dichroism analysis (Rvb = 70.6 +/- 0.1 degreeC)";"B";"BAO_0000225";"nucleic acid format";"Not specified";"None";"None";"None";"None";"";"";"";"CHEMBL5209894";"Quadruplex DNA";"";"NUCLEIC-ACID";"CHEMBL6153050";"1";"Scientific Literature";"Eur J Med Chem";"2025";"None";"TIME = 0.1667 hr";"STABILISER";"";"1.2"
"CHEMBL2111084";"BELOTECAN";"3.0";"433.51";"0";"2.62";"Belotecan";"CC[C@@]1(O)C(=O)OCc2c1cc1n(c2=O)Cc2c-1nc1ccccc1c2CCNC(C)C";"deltaTm1/2";"'='";"12.7";"degrees C";"";"";"";"UO_0000027";"";"";"";"";"0";"CHEMBL6154556";"Thermal stabilization of YY1 G4 quadruplex DNA (GGGGGAAAGGGTGGGCAAGGG) (unknown origin) assessed as change in half-width of melting temperature incubated for 10 mins by circular dichroism analysis (Rvb = 60.6 +/- 0.1 degreeC)";"B";"BAO_0000225";"nucleic acid format";"Not specified";"None";"None";"None";"None";"";"";"";"CHEMBL5209894";"Quadruplex DNA";"";"NUCLEIC-ACID";"CHEMBL6153050";"1";"Scientific Literature";"Eur J Med Chem";"2025";"None";"TIME = 0.1667 hr";"STABILISER";"";"12.7"
"CHEMBL12610";"BENZYDAMINE";"4.0";"309.41";"0";"3.42";"Benzydamine";"CN(C)CCCOc1nn(Cc2ccccc2)c2ccccc12";"deltaTm1/2";"'='";"1.1";"degrees C";"";"";"";"UO_0000027";"";"";"";"";"0";"CHEMBL6154556";"Thermal stabilization of YY1 G4 quadruplex DNA (GGGGGAAAGGGTGGGCAAGGG) (unknown origin) assessed as change in half-width of melting temperature incubated for 10 mins by circular dichroism analysis (Rvb = 60.6 +/- 0.1 degreeC)";"B";"BAO_0000225";"nucleic acid format";"Not specified";"None";"None";"None";"None";"";"";"";"CHEMBL5209894";"Quadruplex DNA";"";"NUCLEIC-ACID";"CHEMBL6153050";"1";"Scientific Literature";"Eur J Med Chem";"2025";"None";"TIME = 0.1667 hr";"STABILISER";"";"1.1"
"CHEMBL12610";"BENZYDAMINE";"4.0";"309.41";"0";"3.42";"Benzydamine";"CN(C)CCCOc1nn(Cc2ccccc2)c2ccccc12";"deltaTm1/2";"'='";"2.5";"degrees C";"";"";"";"UO_0000027";"";"";"";"";"0";"CHEMBL6154553";"Thermal stabilization of c-Myc G4 quadruplex DNA (TGAGGGTGGGTAGGGTGGGTAA) (unknown origin) assessed as change in half-width of melting temperature incubated for 10 mins by circular dichroism analysis (Rvb = 70.6 +/- 0.1 degreeC)";"B";"BAO_0000225";"nucleic acid format";"Not specified";"None";"None";"None";"None";"";"";"";"CHEMBL5209894";"Quadruplex DNA";"";"NUCLEIC-ACID";"CHEMBL6153050";"1";"Scientific Literature";"Eur J Med Chem";"2025";"None";"TIME = 0.1667 hr";"STABILISER";"";"2.5"
"CHEMBL267648";"PEFLOXACIN";"2.0";"333.36";"0";"1.61";"Pefloxacin";"CCn1cc(C(=O)O)c(=O)c2cc(F)c(N3CCN(C)CC3)cc21";"deltaTm1/2";"'='";"4.5";"degrees C";"";"";"";"UO_0000027";"";"";"";"";"0";"CHEMBL6154554";"Thermal stabilization of HER2 G4 quadruplex DNA (GGAGAAGGAGGAGGTGGAGGAGGAGGG) (unknown origin) assessed as change in half-width of melting temperature incubated for 10 mins by circular dichroism analysis (Rvb = 62.0 +/- 0.2 degreeC)";"B";"BAO_0000225";"nucleic acid format";"Not specified";"None";"None";"None";"None";"";"";"";"CHEMBL5209894";"Quadruplex DNA";"";"NUCLEIC-ACID";"CHEMBL6153050";"1";"Scientific Literature";"Eur J Med Chem";"2025";"None";"TIME = 0.1667 hr";"STABILISER";"";"4.5"
"CHEMBL6164768";"";"None";"370.37";"1";"-0.55";"17";"N=C(N)NCCCNC(=O)c1ccc2[nH]c(=O)c3cc(=O)c(O)cn3c2c1";"Delta Tm";"'='";"3.2";"degrees C";"";"";"";"UO_0000027";"";"";"";"";"0";"CHEMBL6098784";"Stabilization of Parallel c-Kit1 G4-quadruplex DNA (5'-AGGGAGGGCGCTGGGAGGAGGG-3') (unknown origin) assessed as change in melting temperature at 5 equiv. by CD melting based analysis";"B";"BAO_0000225";"nucleic acid format";"Not specified";"None";"None";"None";"None";"";"";"";"CHEMBL5209894";"Quadruplex DNA";"";"NUCLEIC-ACID";"CHEMBL6096674";"1";"Scientific Literature";"J Med Chem";"2025";"None";"DOSE = 5.0 equiv";"STABILISER";"";"3.2"
"CHEMBL6142957";"";"None";"451.48";"0";"3.65";"21";"O=C(NCc1ccccc1)c1ccc2[nH]c(=O)c3cc(=O)c(OCc4ccccc4)cn3c2c1";"Delta Tm";"'='";"0.1";"degrees C";"";"";"Deltatm Value Less Than 3 Degc Indicates Negligible Effects";"UO_0000027";"";"";"";"";"0";"CHEMBL6098784";"Stabilization of Parallel c-Kit1 G4-quadruplex DNA (5'-AGGGAGGGCGCTGGGAGGAGGG-3') (unknown origin) assessed as change in melting temperature at 5 equiv. by CD melting based analysis";"B";"BAO_0000225";"nucleic acid format";"Not specified";"None";"None";"None";"None";"";"";"";"CHEMBL5209894";"Quadruplex DNA";"";"NUCLEIC-ACID";"CHEMBL6096674";"1";"Scientific Literature";"J Med Chem";"2025";"None";"DOSE = 5.0 equiv";"STABILISER";"";"0.1"
"CHEMBL6164768";"";"None";"370.37";"1";"-0.55";"17";"N=C(N)NCCCNC(=O)c1ccc2[nH]c(=O)c3cc(=O)c(O)cn3c2c1";"Delta Tm";"'='";"8.6";"degrees C";"";"";"";"UO_0000027";"";"";"";"";"0";"CHEMBL6098785";"Stabilization of Parallel c-Kit2 G4-quadruplex DNA (5'-CGGGCGGGCGCTAGGGAGGGT-3') (unknown origin) assessed as change in melting temperature at 5 equiv. by CD melting based analysis";"B";"BAO_0000225";"nucleic acid format";"Not specified";"None";"None";"None";"None";"";"";"";"CHEMBL5209894";"Quadruplex DNA";"";"NUCLEIC-ACID";"CHEMBL6096674";"1";"Scientific Literature";"J Med Chem";"2025";"None";"DOSE = 5.0 equiv";"STABILISER";"";"8.6"
"CHEMBL6150997";"";"None";"368.39";"0";"0.67";"18";"O=C(NCCN1CCCC1)c1ccc2[nH]c(=O)c3cc(=O)c(O)cn3c2c1";"Delta Tm";"'='";"5.0";"degrees C";"";"";"";"UO_0000027";"";"";"";"";"0";"CHEMBL6098786";"Stabilization of Parallel c-Myc G4-quadruplex DNA (5'-TGAGGGTGGGTAGGGTGGGTAA-3') (unknown origin) assessed as change in melting temperature at 5 equiv. by CD melting based analysis";"B";"BAO_0000225";"nucleic acid format";"Not specified";"None";"None";"None";"None";"";"";"";"CHEMBL5209894";"Quadruplex DNA";"";"NUCLEIC-ACID";"CHEMBL6096674";"1";"Scientific Literature";"J Med Chem";"2025";"None";"DOSE = 5.0 equiv";"STABILISER";"";"5.0"
"CHEMBL6148022";"";"None";"362.34";"0";"2.42";"20";"O=C(O)c1ccc2[nH]c(=O)c3cc(=O)c(OCc4ccccc4)cn3c2c1";"Delta Tm";"'='";"0.5";"degrees C";"";"";"Deltatm Value Less Than 3 Degc Indicates Negligible Effects";"UO_0000027";"";"";"";"";"0";"CHEMBL6098786";"Stabilization of Parallel c-Myc G4-quadruplex DNA (5'-TGAGGGTGGGTAGGGTGGGTAA-3') (unknown origin) assessed as change in melting temperature at 5 equiv. by CD melting based analysis";"B";"BAO_0000225";"nucleic acid format";"Not specified";"None";"None";"None";"None";"";"";"";"CHEMBL5209894";"Quadruplex DNA";"";"NUCLEIC-ACID";"CHEMBL6096674";"1";"Scientific Literature";"J Med Chem";"2025";"None";"DOSE = 5.0 equiv";"STABILISER";"";"0.5"
"CHEMBL6150997";"";"None";"368.39";"0";"0.67";"18";"O=C(NCCN1CCCC1)c1ccc2[nH]c(=O)c3cc(=O)c(O)cn3c2c1";"Delta Tm";"'='";"1.6";"degrees C";"";"";"Deltatm Value Less Than 3 Degc Indicates Negligible Effects";"UO_0000027";"";"";"";"";"0";"CHEMBL6098787";"Stabilization of Hybrid Bcl2 G4-quadruplex DNA (5'-AGGGCGCGGGAGGAAGGGGGCGGGA-3') (unknown origin) assessed as change in melting temperature at 5 equiv. by CD melting based analysis";"B";"BAO_0000225";"nucleic acid format";"Not specified";"None";"None";"None";"None";"";"";"";"CHEMBL5209894";"Quadruplex DNA";"";"NUCLEIC-ACID";"CHEMBL6096674";"1";"Scientific Literature";"J Med Chem";"2025";"None";"DOSE = 5.0 equiv";"STABILISER";"";"1.6"
"CHEMBL6102310";"";"None";"510.68";"1";"1.92";"OAF89";"OCCN1CCN(CC#Cc2c3ccccc3c(C#CCN3CCN(CCO)CC3)c3ccccc23)CC1";"Activity";"";"";"";"";"";"";"";"";"";"";"";"0";"CHEMBL6072937";"Binding affinity to Tel23 G4 DNA (unknown origin) in PBS at pH 7.1 at 1.5 mM by wLOGSY analysis";"B";"BAO_0000225";"nucleic acid format";"Not specified";"None";"None";"None";"None";"";"";"";"CHEMBL5209894";"Quadruplex DNA";"";"NUCLEIC-ACID";"CHEMBL6071164";"1";"Scientific Literature";"ACS Med Chem Lett";"2024";"None";"DOSE = 1.5 mM";"BINDING AGENT";"Active";""
"CHEMBL6150997";"";"None";"368.39";"0";"0.67";"18";"O=C(NCCN1CCCC1)c1ccc2[nH]c(=O)c3cc(=O)c(O)cn3c2c1";"Delta Tm";"'='";"3.6";"degrees C";"";"";"";"UO_0000027";"";"";"";"";"0";"CHEMBL6098784";"Stabilization of Parallel c-Kit1 G4-quadruplex DNA (5'-AGGGAGGGCGCTGGGAGGAGGG-3') (unknown origin) assessed as change in melting temperature at 5 equiv. by CD melting based analysis";"B";"BAO_0000225";"nucleic acid format";"Not specified";"None";"None";"None";"None";"";"";"";"CHEMBL5209894";"Quadruplex DNA";"";"NUCLEIC-ACID";"CHEMBL6096674";"1";"Scientific Literature";"J Med Chem";"2025";"None";"DOSE = 5.0 equiv";"STABILISER";"";"3.6"
"CHEMBL6152144";"";"None";"446.51";"0";"2.40";"11";"CN(C)CCCNC(=O)c1ccc2[nH]c(=O)c3cc(=O)c(OCc4ccccc4)cn3c2c1";"Delta Tm";"'='";"27.6";"degrees C";"";"";"";"UO_0000027";"";"";"";"";"0";"CHEMBL6098785";"Stabilization of Parallel c-Kit2 G4-quadruplex DNA (5'-CGGGCGGGCGCTAGGGAGGGT-3') (unknown origin) assessed as change in melting temperature at 5 equiv. by CD melting based analysis";"B";"BAO_0000225";"nucleic acid format";"Not specified";"None";"None";"None";"None";"";"";"";"CHEMBL5209894";"Quadruplex DNA";"";"NUCLEIC-ACID";"CHEMBL6096674";"1";"Scientific Literature";"J Med Chem";"2025";"None";"DOSE = 5.0 equiv";"STABILISER";"";"27.6"
"CHEMBL6148022";"";"None";"362.34";"0";"2.42";"20";"O=C(O)c1ccc2[nH]c(=O)c3cc(=O)c(OCc4ccccc4)cn3c2c1";"Delta Tm";"'='";"3.3";"degrees C";"";"";"";"UO_0000027";"";"";"";"";"0";"CHEMBL6098785";"Stabilization of Parallel c-Kit2 G4-quadruplex DNA (5'-CGGGCGGGCGCTAGGGAGGGT-3') (unknown origin) assessed as change in melting temperature at 5 equiv. by CD melting based analysis";"B";"BAO_0000225";"nucleic acid format";"Not specified";"None";"None";"None";"None";"";"";"";"CHEMBL5209894";"Quadruplex DNA";"";"NUCLEIC-ACID";"CHEMBL6096674";"1";"Scientific Literature";"J Med Chem";"2025";"None";"DOSE = 5.0 equiv";"STABILISER";"";"3.3"
"CHEMBL6161658";"";"None";"356.38";"0";"0.53";"16";"CN(C)CCCNC(=O)c1ccc2[nH]c(=O)c3cc(=O)c(O)cn3c2c1";"Activity";"";"";"";"";"";"";"";"";"";"";"";"0";"CHEMBL6098808";"Binding affinity to Bcl-2 G4-quadruplex DNA (5'-AGGGCGCGGGAGGAAGGGGGCGGGA-3') (unknown origin) assessed as perturbations of imino protons of G7,G19 and G23 within 3' G-tetrad with no significant change in aromatic proton regions upto compound:G4 ratio of 6:1 by ID IH NMR analysis";"B";"BAO_0000225";"nucleic acid format";"Not specified";"None";"None";"None";"None";"";"";"";"CHEMBL5209894";"Quadruplex DNA";"";"NUCLEIC-ACID";"CHEMBL6096674";"1";"Scientific Literature";"J Med Chem";"2025";"None";"";"STABILISER";"Active";""
"CHEMBL6161658";"";"None";"356.38";"0";"0.53";"16";"CN(C)CCCNC(=O)c1ccc2[nH]c(=O)c3cc(=O)c(O)cn3c2c1";"Activity";"";"";"";"";"";"";"";"";"";"";"";"0";"CHEMBL6098810";"Binding affinity to Bcl-2 G4-quadruplex DNA (5'-AGGGCGCGGGAGGAAGGGGGCGGGA-3') (unknown origin) assessed as perturbations of imino protons of G1,G17 and G21 within 5' G-tetrad with no significant change in aromatic proton regions upto compound:G4 ratio of 6:1 by ID IH NMR analysis";"B";"BAO_0000225";"nucleic acid format";"Not specified";"None";"None";"None";"None";"";"";"";"CHEMBL5209894";"Quadruplex DNA";"";"NUCLEIC-ACID";"CHEMBL6096674";"1";"Scientific Literature";"J Med Chem";"2025";"None";"";"STABILISER";"Active";""
"CHEMBL2111084";"BELOTECAN";"3.0";"433.51";"0";"2.62";"Belotecan";"CC[C@@]1(O)C(=O)OCc2c1cc1n(c2=O)Cc2c-1nc1ccccc1c2CCNC(C)C";"Ka";"'='";"2.3";"10^5/M";"";"";"";"";"";"";"";"";"0";"CHEMBL6154589";"Binding affinity to c-Myc G4 quadruplex DNA (TGAGGGTGGGTAGGGTGGGTAA) (unknown origin) assessed as equilibrium binding constant (Ka) by ITC analysis";"B";"BAO_0000225";"nucleic acid format";"Not specified";"None";"None";"None";"None";"";"";"";"CHEMBL5209894";"Quadruplex DNA";"";"NUCLEIC-ACID";"CHEMBL6153050";"1";"Scientific Literature";"Eur J Med Chem";"2025";"None";"";"STABILISER";"";"2.3"
"CHEMBL2111084";"BELOTECAN";"3.0";"433.51";"0";"2.62";"Belotecan";"CC[C@@]1(O)C(=O)OCc2c1cc1n(c2=O)Cc2c-1nc1ccccc1c2CCNC(C)C";"deltaG";"'='";"-30.6";"kJ/mol";"";"";"";"";"";"";"";"";"0";"CHEMBL6154592";"Binding affinity to HER2 G4 quadruplex DNA (GGAGAAGGAGGAGGTGGAGGAGGAGGG) (unknown origin) assessed as Gibbs free energy by ITC analysis";"B";"BAO_0000225";"nucleic acid format";"Not specified";"None";"None";"None";"None";"";"";"";"CHEMBL5209894";"Quadruplex DNA";"";"NUCLEIC-ACID";"CHEMBL6153050";"1";"Scientific Literature";"Eur J Med Chem";"2025";"None";"";"STABILISER";"";"-30.6"
"CHEMBL2111084";"BELOTECAN";"3.0";"433.51";"0";"2.62";"Belotecan";"CC[C@@]1(O)C(=O)OCc2c1cc1n(c2=O)Cc2c-1nc1ccccc1c2CCNC(C)C";"deltaTm1/2";"'='";"15.9";"degrees C";"";"";"";"UO_0000027";"";"";"";"";"0";"CHEMBL6154553";"Thermal stabilization of c-Myc G4 quadruplex DNA (TGAGGGTGGGTAGGGTGGGTAA) (unknown origin) assessed as change in half-width of melting temperature incubated for 10 mins by circular dichroism analysis (Rvb = 70.6 +/- 0.1 degreeC)";"B";"BAO_0000225";"nucleic acid format";"Not specified";"None";"None";"None";"None";"";"";"";"CHEMBL5209894";"Quadruplex DNA";"";"NUCLEIC-ACID";"CHEMBL6153050";"1";"Scientific Literature";"Eur J Med Chem";"2025";"None";"TIME = 0.1667 hr";"STABILISER";"";"15.9"
"CHEMBL481";"IRINOTECAN";"4.0";"586.69";"1";"4.09";"Irinotecan";"CCc1c2c(nc3ccc(OC(=O)N4CCC(N5CCCCC5)CC4)cc13)-c1cc3c(c(=O)n1C2)COC(=O)[C@]3(O)CC";"deltaTm1/2";"'='";"19.0";"degrees C";"";"";"";"UO_0000027";"";"";"";"";"0";"CHEMBL6154553";"Thermal stabilization of c-Myc G4 quadruplex DNA (TGAGGGTGGGTAGGGTGGGTAA) (unknown origin) assessed as change in half-width of melting temperature incubated for 10 mins by circular dichroism analysis (Rvb = 70.6 +/- 0.1 degreeC)";"B";"BAO_0000225";"nucleic acid format";"Not specified";"None";"None";"None";"None";"";"";"";"CHEMBL5209894";"Quadruplex DNA";"";"NUCLEIC-ACID";"CHEMBL6153050";"1";"Scientific Literature";"Eur J Med Chem";"2025";"None";"TIME = 0.1667 hr";"STABILISER";"";"19.0"
"CHEMBL12610";"BENZYDAMINE";"4.0";"309.41";"0";"3.42";"Benzydamine";"CN(C)CCCOc1nn(Cc2ccccc2)c2ccccc12";"deltaTm1/2";"'='";"3.0";"degrees C";"";"";"";"UO_0000027";"";"";"";"";"0";"CHEMBL6154554";"Thermal stabilization of HER2 G4 quadruplex DNA (GGAGAAGGAGGAGGTGGAGGAGGAGGG) (unknown origin) assessed as change in half-width of melting temperature incubated for 10 mins by circular dichroism analysis (Rvb = 62.0 +/- 0.2 degreeC)";"B";"BAO_0000225";"nucleic acid format";"Not specified";"None";"None";"None";"None";"";"";"";"CHEMBL5209894";"Quadruplex DNA";"";"NUCLEIC-ACID";"CHEMBL6153050";"1";"Scientific Literature";"Eur J Med Chem";"2025";"None";"TIME = 0.1667 hr";"STABILISER";"";"3.0"
"CHEMBL1257051";"TEDIZOLID";"4.0";"370.34";"0";"1.40";"TDZ";"Cn1nnc(-c2ccc(-c3ccc(N4C[C@H](CO)OC4=O)cc3F)cn2)n1";"deltaTm1/2";"'='";"1.0";"degrees C";"";"";"";"UO_0000027";"";"";"";"";"0";"CHEMBL6154554";"Thermal stabilization of HER2 G4 quadruplex DNA (GGAGAAGGAGGAGGTGGAGGAGGAGGG) (unknown origin) assessed as change in half-width of melting temperature incubated for 10 mins by circular dichroism analysis (Rvb = 62.0 +/- 0.2 degreeC)";"B";"BAO_0000225";"nucleic acid format";"Not specified";"None";"None";"None";"None";"";"";"";"CHEMBL5209894";"Quadruplex DNA";"";"NUCLEIC-ACID";"CHEMBL6153050";"1";"Scientific Literature";"Eur J Med Chem";"2025";"None";"TIME = 0.1667 hr";"STABILISER";"";"1.0"
"CHEMBL1201760";"BESIFLOXACIN";"4.0";"393.85";"0";"3.14";"Besifloxacin";"N[C@@H]1CCCCN(c2c(F)cc3c(=O)c(C(=O)O)cn(C4CC4)c3c2Cl)C1";"deltaTm1/2";"'='";"4.9";"degrees C";"";"";"";"UO_0000027";"";"";"";"";"0";"CHEMBL6154555";"Thermal stabilization of NRAS G4 quadruplex DNA (TGGGAGGGGCGGGTCTGGGT) (unknown origin) assessed as change in half-width of melting temperature incubated for 10 mins by circular dichroism analysis (Rvb = 61.6 +/- 0.1 degreeC)";"B";"BAO_0000225";"nucleic acid format";"Not specified";"None";"None";"None";"None";"";"";"";"CHEMBL5209894";"Quadruplex DNA";"";"NUCLEIC-ACID";"CHEMBL6153050";"1";"Scientific Literature";"Eur J Med Chem";"2025";"None";"TIME = 0.1667 hr";"STABILISER";"";"4.9"
"CHEMBL1095777";"INDACATEROL";"4.0";"392.50";"0";"3.15";"Indacaterol";"CCc1cc2c(cc1CC)CC(NC[C@H](O)c1ccc(O)c3[nH]c(=O)ccc13)C2";"deltaTm1/2";"'='";"6.2";"degrees C";"";"";"";"UO_0000027";"";"";"";"";"0";"CHEMBL6154555";"Thermal stabilization of NRAS G4 quadruplex DNA (TGGGAGGGGCGGGTCTGGGT) (unknown origin) assessed as change in half-width of melting temperature incubated for 10 mins by circular dichroism analysis (Rvb = 61.6 +/- 0.1 degreeC)";"B";"BAO_0000225";"nucleic acid format";"Not specified";"None";"None";"None";"None";"";"";"";"CHEMBL5209894";"Quadruplex DNA";"";"NUCLEIC-ACID";"CHEMBL6153050";"1";"Scientific Literature";"Eur J Med Chem";"2025";"None";"TIME = 0.1667 hr";"STABILISER";"";"6.2"
"CHEMBL7568";"QUINACRINE";"4.0";"399.97";"1";"5.97";"Quinacrine";"CCN(CC)CCCC(C)Nc1c2ccc(Cl)cc2nc2ccc(OC)cc12";"deltaTm1/2";"'>'";"20.0";"degrees C";"";"";"";"UO_0000027";"";"";"";"";"0";"CHEMBL6154555";"Thermal stabilization of NRAS G4 quadruplex DNA (TGGGAGGGGCGGGTCTGGGT) (unknown origin) assessed as change in half-width of melting temperature incubated for 10 mins by circular dichroism analysis (Rvb = 61.6 +/- 0.1 degreeC)";"B";"BAO_0000225";"nucleic acid format";"Not specified";"None";"None";"None";"None";"";"";"";"CHEMBL5209894";"Quadruplex DNA";"";"NUCLEIC-ACID";"CHEMBL6153050";"1";"Scientific Literature";"Eur J Med Chem";"2025";"None";"TIME = 0.1667 hr";"";"";"20.0"
"CHEMBL2107723";"ACOTIAMIDE";"3.0";"450.56";"0";"2.97";"Acotiamide";"COc1cc(O)c(C(=O)Nc2nc(C(=O)NCCN(C(C)C)C(C)C)cs2)cc1OC";"deltaTm1/2";"'='";"9.4";"degrees C";"";"";"";"UO_0000027";"";"";"";"";"0";"CHEMBL6154556";"Thermal stabilization of YY1 G4 quadruplex DNA (GGGGGAAAGGGTGGGCAAGGG) (unknown origin) assessed as change in half-width of melting temperature incubated for 10 mins by circular dichroism analysis (Rvb = 60.6 +/- 0.1 degreeC)";"B";"BAO_0000225";"nucleic acid format";"Not specified";"None";"None";"None";"None";"";"";"";"CHEMBL5209894";"Quadruplex DNA";"";"NUCLEIC-ACID";"CHEMBL6153050";"1";"Scientific Literature";"Eur J Med Chem";"2025";"None";"TIME = 0.1667 hr";"STABILISER";"";"9.4"
"CHEMBL639";"AZELASTINE";"4.0";"381.91";"0";"4.30";"Azelastine";"CN1CCCC(n2nc(Cc3ccc(Cl)cc3)c3ccccc3c2=O)CC1";"deltaTm1/2";"'='";"8.1";"degrees C";"";"";"";"UO_0000027";"";"";"";"";"0";"CHEMBL6154556";"Thermal stabilization of YY1 G4 quadruplex DNA (GGGGGAAAGGGTGGGCAAGGG) (unknown origin) assessed as change in half-width of melting temperature incubated for 10 mins by circular dichroism analysis (Rvb = 60.6 +/- 0.1 degreeC)";"B";"BAO_0000225";"nucleic acid format";"Not specified";"None";"None";"None";"None";"";"";"";"CHEMBL5209894";"Quadruplex DNA";"";"NUCLEIC-ACID";"CHEMBL6153050";"1";"Scientific Literature";"Eur J Med Chem";"2025";"None";"TIME = 0.1667 hr";"STABILISER";"";"8.1"
"CHEMBL1201760";"BESIFLOXACIN";"4.0";"393.85";"0";"3.14";"Besifloxacin";"N[C@@H]1CCCCN(c2c(F)cc3c(=O)c(C(=O)O)cn(C4CC4)c3c2Cl)C1";"deltaTm1/2";"'='";"-0.3";"degrees C";"";"";"";"UO_0000027";"";"";"";"";"0";"CHEMBL6154556";"Thermal stabilization of YY1 G4 quadruplex DNA (GGGGGAAAGGGTGGGCAAGGG) (unknown origin) assessed as change in half-width of melting temperature incubated for 10 mins by circular dichroism analysis (Rvb = 60.6 +/- 0.1 degreeC)";"B";"BAO_0000225";"nucleic acid format";"Not specified";"None";"None";"None";"None";"";"";"";"CHEMBL5209894";"Quadruplex DNA";"";"NUCLEIC-ACID";"CHEMBL6153050";"1";"Scientific Literature";"Eur J Med Chem";"2025";"None";"TIME = 0.1667 hr";"";"";"-0.3"
"CHEMBL1510";"ELETRIPTAN";"4.0";"382.53";"0";"3.82";"Eletriptan";"CN1CCC[C@@H]1Cc1c[nH]c2ccc(CCS(=O)(=O)c3ccccc3)cc12";"deltaTm1/2";"'='";"4.0";"degrees C";"";"";"";"UO_0000027";"";"";"";"";"0";"CHEMBL6154556";"Thermal stabilization of YY1 G4 quadruplex DNA (GGGGGAAAGGGTGGGCAAGGG) (unknown origin) assessed as change in half-width of melting temperature incubated for 10 mins by circular dichroism analysis (Rvb = 60.6 +/- 0.1 degreeC)";"B";"BAO_0000225";"nucleic acid format";"Not specified";"None";"None";"None";"None";"";"";"";"CHEMBL5209894";"Quadruplex DNA";"";"NUCLEIC-ACID";"CHEMBL6153050";"1";"Scientific Literature";"Eur J Med Chem";"2025";"None";"TIME = 0.1667 hr";"STABILISER";"";"4.0"
"CHEMBL6150997";"";"None";"368.39";"0";"0.67";"18";"O=C(NCCN1CCCC1)c1ccc2[nH]c(=O)c3cc(=O)c(O)cn3c2c1";"Delta Tm";"'='";"6.6";"degrees C";"";"";"";"UO_0000027";"";"";"";"";"0";"CHEMBL6098785";"Stabilization of Parallel c-Kit2 G4-quadruplex DNA (5'-CGGGCGGGCGCTAGGGAGGGT-3') (unknown origin) assessed as change in melting temperature at 5 equiv. by CD melting based analysis";"B";"BAO_0000225";"nucleic acid format";"Not specified";"None";"None";"None";"None";"";"";"";"CHEMBL5209894";"Quadruplex DNA";"";"NUCLEIC-ACID";"CHEMBL6096674";"1";"Scientific Literature";"J Med Chem";"2025";"None";"DOSE = 5.0 equiv";"STABILISER";"";"6.6"
"CHEMBL6160989";"";"None";"384.39";"0";"-0.09";"19";"O=C(NCCN1CCOCC1)c1ccc2[nH]c(=O)c3cc(=O)c(O)cn3c2c1";"Delta Tm";"'='";"1.7";"degrees C";"";"";"Deltatm Value Less Than 3 Degc Indicates Negligible Effects";"UO_0000027";"";"";"";"";"0";"CHEMBL6098786";"Stabilization of Parallel c-Myc G4-quadruplex DNA (5'-TGAGGGTGGGTAGGGTGGGTAA-3') (unknown origin) assessed as change in melting temperature at 5 equiv. by CD melting based analysis";"B";"BAO_0000225";"nucleic acid format";"Not specified";"None";"None";"None";"None";"";"";"";"CHEMBL5209894";"Quadruplex DNA";"";"NUCLEIC-ACID";"CHEMBL6096674";"1";"Scientific Literature";"J Med Chem";"2025";"None";"DOSE = 5.0 equiv";"STABILISER";"";"1.7"
"CHEMBL6192066";"";"None";"271.32";"0";"4.03";"YP/YG-2";"Nc1cccc(-c2cc3cccnc3c3ncccc23)c1";"Activity";"";"";"";"";"";"";"";"";"";"";"";"0";"CHEMBL6186750";"Binding affinity to G-quadruplex DNA (unknown origin) at 5 uM by fluorescence quenching analysis";"B";"BAO_0000225";"nucleic acid format";"Not specified";"None";"None";"None";"None";"";"";"";"CHEMBL5209894";"Quadruplex DNA";"";"NUCLEIC-ACID";"CHEMBL6182924";"1";"Scientific Literature";"J Med Chem";"2025";"None";"DOSE = 5.0 microM";"INHIBITOR";"Active";""
"CHEMBL6133420";"";"None";"592.46";"None";"None";"11i";"N#C[Se]CCCOc1ccc2cc(C(=O)N3N=C(c4ccc(F)cc4)CC3c3ccc(F)cc3)c(=O)oc2c1";"Kd";"'='";"14.2";"nM";"7.85";"";"";"UO_0000065";"";"";"";"";"0";"CHEMBL6105327";"Binding affinity to HRCC G4 DNA (mitochondrial DNA) (unknown origin) assessed as dissociation constant by SPR analysis";"B";"BAO_0000225";"nucleic acid format";"Not specified";"None";"None";"None";"None";"";"";"";"CHEMBL5209894";"Quadruplex DNA";"";"NUCLEIC-ACID";"CHEMBL6103579";"1";"Scientific Literature";"Eur J Med Chem";"2025";"None";"";"BINDING AGENT";"";"1.42"
"CHEMBL6143941";"";"None";"540.45";"1";"7.30";"A1";"C[n+]1c(/C=C/c2ccc(N(c3ccccc3)c3ccccc3)cc2)ccc2ccccc21.[I-]";"Kd";"'='";"5500.0";"nM";"5.26";"";"";"UO_0000065";"";"";"";"";"0";"CHEMBL6074722";"Binding affinity to 5-terminal mt6363 DNA (unknown origin) assessed as dissociation constant by TAMRA-labeled G4 quenching assay";"B";"BAO_0000225";"nucleic acid format";"Not specified";"None";"None";"None";"None";"";"";"";"CHEMBL5209894";"Quadruplex DNA";"";"NUCLEIC-ACID";"CHEMBL6074620";"1";"Scientific Literature";"Eur J Med Chem";"2024";"None";"";"STABILISER";"";"5.5"
"CHEMBL1095777";"INDACATEROL";"4.0";"392.50";"0";"3.15";"Indacaterol";"CCc1cc2c(cc1CC)CC(NC[C@H](O)c1ccc(O)c3[nH]c(=O)ccc13)C2";"deltaTm1/2";"'='";"5.8";"degrees C";"";"";"";"UO_0000027";"";"";"";"";"0";"CHEMBL6154554";"Thermal stabilization of HER2 G4 quadruplex DNA (GGAGAAGGAGGAGGTGGAGGAGGAGGG) (unknown origin) assessed as change in half-width of melting temperature incubated for 10 mins by circular dichroism analysis (Rvb = 62.0 +/- 0.2 degreeC)";"B";"BAO_0000225";"nucleic acid format";"Not specified";"None";"None";"None";"None";"";"";"";"CHEMBL5209894";"Quadruplex DNA";"";"NUCLEIC-ACID";"CHEMBL6153050";"1";"Scientific Literature";"Eur J Med Chem";"2025";"None";"TIME = 0.1667 hr";"STABILISER";"";"5.8"
"CHEMBL226507";"SINENSETIN";"None";"372.37";"0";"3.50";"Sinensetin";"COc1ccc(-c2cc(=O)c3c(OC)c(OC)c(OC)cc3o2)cc1OC";"deltaTm1/2";"'='";"1.5";"degrees C";"";"";"";"UO_0000027";"";"";"";"";"0";"CHEMBL6154553";"Thermal stabilization of c-Myc G4 quadruplex DNA (TGAGGGTGGGTAGGGTGGGTAA) (unknown origin) assessed as change in half-width of melting temperature incubated for 10 mins by circular dichroism analysis (Rvb = 70.6 +/- 0.1 degreeC)";"B";"BAO_0000225";"nucleic acid format";"Not specified";"None";"None";"None";"None";"";"";"";"CHEMBL5209894";"Quadruplex DNA";"";"NUCLEIC-ACID";"CHEMBL6153050";"1";"Scientific Literature";"Eur J Med Chem";"2025";"None";"TIME = 0.1667 hr";"STABILISER";"";"1.5"
"CHEMBL6161658";"";"None";"356.38";"0";"0.53";"16";"CN(C)CCCNC(=O)c1ccc2[nH]c(=O)c3cc(=O)c(O)cn3c2c1";"Activity";"";"";"";"";"";"";"";"";"";"";"";"0";"CHEMBL6098812";"Binding affinity to c-Myc G4-quadruplex DNA (5'-TGAGGGTGGGTAGGGTGGGTAA-3') (unknown origin) assessed as perturbations of imino protons of G9,G13,G18,G22 within 3' G-tetrad at compound:G4 ratio of 2:1 by 1D 1H NMR analysis";"B";"BAO_0000225";"nucleic acid format";"Not specified";"None";"None";"None";"None";"";"";"";"CHEMBL5209894";"Quadruplex DNA";"";"NUCLEIC-ACID";"CHEMBL6096674";"1";"Scientific Literature";"J Med Chem";"2025";"None";"";"STABILISER";"Active";""
"CHEMBL6164768";"";"None";"370.37";"1";"-0.55";"17";"N=C(N)NCCCNC(=O)c1ccc2[nH]c(=O)c3cc(=O)c(O)cn3c2c1";"Delta Tm";"'='";"8.5";"degrees C";"";"";"";"UO_0000027";"";"";"";"";"0";"CHEMBL6098787";"Stabilization of Hybrid Bcl2 G4-quadruplex DNA (5'-AGGGCGCGGGAGGAAGGGGGCGGGA-3') (unknown origin) assessed as change in melting temperature at 5 equiv. by CD melting based analysis";"B";"BAO_0000225";"nucleic acid format";"Not specified";"None";"None";"None";"None";"";"";"";"CHEMBL5209894";"Quadruplex DNA";"";"NUCLEIC-ACID";"CHEMBL6096674";"1";"Scientific Literature";"J Med Chem";"2025";"None";"DOSE = 5.0 equiv";"STABILISER";"";"8.5"
"CHEMBL1738797";"ALECTINIB";"4.0";"482.63";"0";"4.77";"Alectinib";"CCc1cc2c(cc1N1CCC(N3CCOCC3)CC1)C(C)(C)c1[nH]c3cc(C#N)ccc3c1C2=O";"deltaTm1/2";"'='";"-3.3";"degrees C";"";"";"";"UO_0000027";"";"";"";"";"0";"CHEMBL6154554";"Thermal stabilization of HER2 G4 quadruplex DNA (GGAGAAGGAGGAGGTGGAGGAGGAGGG) (unknown origin) assessed as change in half-width of melting temperature incubated for 10 mins by circular dichroism analysis (Rvb = 62.0 +/- 0.2 degreeC)";"B";"BAO_0000225";"nucleic acid format";"Not specified";"None";"None";"None";"None";"";"";"";"CHEMBL5209894";"Quadruplex DNA";"";"NUCLEIC-ACID";"CHEMBL6153050";"1";"Scientific Literature";"Eur J Med Chem";"2025";"None";"TIME = 0.1667 hr";"STABILISER";"";"-3.3"
"CHEMBL1929396";"ANAGLIPTIN";"4.0";"383.46";"0";"0.65";"Anagliptin";"Cc1cc2ncc(C(=O)NCC(C)(C)NCC(=O)N3CCC[C@H]3C#N)cn2n1";"deltaTm1/2";"'='";"3.1";"degrees C";"";"";"";"UO_0000027";"";"";"";"";"0";"CHEMBL6154555";"Thermal stabilization of NRAS G4 quadruplex DNA (TGGGAGGGGCGGGTCTGGGT) (unknown origin) assessed as change in half-width of melting temperature incubated for 10 mins by circular dichroism analysis (Rvb = 61.6 +/- 0.1 degreeC)";"B";"BAO_0000225";"nucleic acid format";"Not specified";"None";"None";"None";"None";"";"";"";"CHEMBL5209894";"Quadruplex DNA";"";"NUCLEIC-ACID";"CHEMBL6153050";"1";"Scientific Literature";"Eur J Med Chem";"2025";"None";"TIME = 0.1667 hr";"STABILISER";"";"3.1"
"CHEMBL2111084";"BELOTECAN";"3.0";"433.51";"0";"2.62";"Belotecan";"CC[C@@]1(O)C(=O)OCc2c1cc1n(c2=O)Cc2c-1nc1ccccc1c2CCNC(C)C";"deltaTm1/2";"'='";"16.2";"degrees C";"";"";"";"UO_0000027";"";"";"";"";"0";"CHEMBL6154555";"Thermal stabilization of NRAS G4 quadruplex DNA (TGGGAGGGGCGGGTCTGGGT) (unknown origin) assessed as change in half-width of melting temperature incubated for 10 mins by circular dichroism analysis (Rvb = 61.6 +/- 0.1 degreeC)";"B";"BAO_0000225";"nucleic acid format";"Not specified";"None";"None";"None";"None";"";"";"";"CHEMBL5209894";"Quadruplex DNA";"";"NUCLEIC-ACID";"CHEMBL6153050";"1";"Scientific Literature";"Eur J Med Chem";"2025";"None";"TIME = 0.1667 hr";"STABILISER";"";"16.2"
"CHEMBL1800159";"RELUGOLIX";"4.0";"623.64";"2";"3.75";"Relugolix";"CONC(=O)Nc1ccc(-c2sc3c(c2CN(C)C)c(=O)n(-c2ccc(OC)nn2)c(=O)n3Cc2c(F)cccc2F)cc1";"deltaTm1/2";"'='";"4.3";"degrees C";"";"";"";"UO_0000027";"";"";"";"";"0";"CHEMBL6154556";"Thermal stabilization of YY1 G4 quadruplex DNA (GGGGGAAAGGGTGGGCAAGGG) (unknown origin) assessed as change in half-width of melting temperature incubated for 10 mins by circular dichroism analysis (Rvb = 60.6 +/- 0.1 degreeC)";"B";"BAO_0000225";"nucleic acid format";"Not specified";"None";"None";"None";"None";"";"";"";"CHEMBL5209894";"Quadruplex DNA";"";"NUCLEIC-ACID";"CHEMBL6153050";"1";"Scientific Literature";"Eur J Med Chem";"2025";"None";"TIME = 0.1667 hr";"STABILISER";"";"4.3"
"CHEMBL6161658";"";"None";"356.38";"0";"0.53";"16";"CN(C)CCCNC(=O)c1ccc2[nH]c(=O)c3cc(=O)c(O)cn3c2c1";"Activity";"";"";"";"";"";"";"";"";"";"";"";"0";"CHEMBL6098809";"Binding affinity to Bcl-2 G4-quadruplex DNA (5'-AGGGCGCGGGAGGAAGGGGGCGGGA-3') (unknown origin) assessed as perturbations of imino protons of G8,G18 and G22 within middle G-tetrad with no significant change in aromatic proton regions upto compound:G4 ratio of 6:1 by ID IH NMR analysis";"B";"BAO_0000225";"nucleic acid format";"Not specified";"None";"None";"None";"None";"";"";"";"CHEMBL5209894";"Quadruplex DNA";"";"NUCLEIC-ACID";"CHEMBL6096674";"1";"Scientific Literature";"J Med Chem";"2025";"None";"";"STABILISER";"Active";""
"CHEMBL6152144";"";"None";"446.51";"0";"2.40";"11";"CN(C)CCCNC(=O)c1ccc2[nH]c(=O)c3cc(=O)c(OCc4ccccc4)cn3c2c1";"Delta Tm";"'='";"9.6";"degrees C";"";"";"";"UO_0000027";"";"";"";"";"0";"CHEMBL6098784";"Stabilization of Parallel c-Kit1 G4-quadruplex DNA (5'-AGGGAGGGCGCTGGGAGGAGGG-3') (unknown origin) assessed as change in melting temperature at 5 equiv. by CD melting based analysis";"B";"BAO_0000225";"nucleic acid format";"Not specified";"None";"None";"None";"None";"";"";"";"CHEMBL5209894";"Quadruplex DNA";"";"NUCLEIC-ACID";"CHEMBL6096674";"1";"Scientific Literature";"J Med Chem";"2025";"None";"DOSE = 5.0 equiv";"STABILISER";"";"9.6"
"CHEMBL6133111";"";"None";"370.41";"0";"0.83";"12";"COc1cn2c(cc1=O)c(=O)[nH]c1ccc(C(=O)NCCCN(C)C)cc12";"Delta Tm";"'='";"17.3";"degrees C";"";"";"";"UO_0000027";"";"";"";"";"0";"CHEMBL6098785";"Stabilization of Parallel c-Kit2 G4-quadruplex DNA (5'-CGGGCGGGCGCTAGGGAGGGT-3') (unknown origin) assessed as change in melting temperature at 5 equiv. by CD melting based analysis";"B";"BAO_0000225";"nucleic acid format";"Not specified";"None";"None";"None";"None";"";"";"";"CHEMBL5209894";"Quadruplex DNA";"";"NUCLEIC-ACID";"CHEMBL6096674";"1";"Scientific Literature";"J Med Chem";"2025";"None";"DOSE = 5.0 equiv";"STABILISER";"";"17.3"
"CHEMBL6133111";"";"None";"370.41";"0";"0.83";"12";"COc1cn2c(cc1=O)c(=O)[nH]c1ccc(C(=O)NCCCN(C)C)cc12";"Delta Tm";"'='";"5.9";"degrees C";"";"";"";"UO_0000027";"";"";"";"";"0";"CHEMBL6098786";"Stabilization of Parallel c-Myc G4-quadruplex DNA (5'-TGAGGGTGGGTAGGGTGGGTAA-3') (unknown origin) assessed as change in melting temperature at 5 equiv. by CD melting based analysis";"B";"BAO_0000225";"nucleic acid format";"Not specified";"None";"None";"None";"None";"";"";"";"CHEMBL5209894";"Quadruplex DNA";"";"NUCLEIC-ACID";"CHEMBL6096674";"1";"Scientific Literature";"J Med Chem";"2025";"None";"DOSE = 5.0 equiv";"STABILISER";"";"5.9"
"CHEMBL6161658";"";"None";"356.38";"0";"0.53";"16";"CN(C)CCCNC(=O)c1ccc2[nH]c(=O)c3cc(=O)c(O)cn3c2c1";"Delta Tm";"'='";"7.4";"degrees C";"";"";"";"UO_0000027";"";"";"";"";"0";"CHEMBL6098786";"Stabilization of Parallel c-Myc G4-quadruplex DNA (5'-TGAGGGTGGGTAGGGTGGGTAA-3') (unknown origin) assessed as change in melting temperature at 5 equiv. by CD melting based analysis";"B";"BAO_0000225";"nucleic acid format";"Not specified";"None";"None";"None";"None";"";"";"";"CHEMBL5209894";"Quadruplex DNA";"";"NUCLEIC-ACID";"CHEMBL6096674";"1";"Scientific Literature";"J Med Chem";"2025";"None";"DOSE = 5.0 equiv";"STABILISER";"";"7.4"
"CHEMBL6133111";"";"None";"370.41";"0";"0.83";"12";"COc1cn2c(cc1=O)c(=O)[nH]c1ccc(C(=O)NCCCN(C)C)cc12";"Delta Tm";"'='";"13.5";"degrees C";"";"";"";"UO_0000027";"";"";"";"";"0";"CHEMBL6098787";"Stabilization of Hybrid Bcl2 G4-quadruplex DNA (5'-AGGGCGCGGGAGGAAGGGGGCGGGA-3') (unknown origin) assessed as change in melting temperature at 5 equiv. by CD melting based analysis";"B";"BAO_0000225";"nucleic acid format";"Not specified";"None";"None";"None";"None";"";"";"";"CHEMBL5209894";"Quadruplex DNA";"";"NUCLEIC-ACID";"CHEMBL6096674";"1";"Scientific Literature";"J Med Chem";"2025";"None";"DOSE = 5.0 equiv";"STABILISER";"";"13.5"
"CHEMBL6161658";"";"None";"356.38";"0";"0.53";"16";"CN(C)CCCNC(=O)c1ccc2[nH]c(=O)c3cc(=O)c(O)cn3c2c1";"Delta Tm";"'='";"8.7";"degrees C";"";"";"";"UO_0000027";"";"";"";"";"0";"CHEMBL6098787";"Stabilization of Hybrid Bcl2 G4-quadruplex DNA (5'-AGGGCGCGGGAGGAAGGGGGCGGGA-3') (unknown origin) assessed as change in melting temperature at 5 equiv. by CD melting based analysis";"B";"BAO_0000225";"nucleic acid format";"Not specified";"None";"None";"None";"None";"";"";"";"CHEMBL5209894";"Quadruplex DNA";"";"NUCLEIC-ACID";"CHEMBL6096674";"1";"Scientific Literature";"J Med Chem";"2025";"None";"DOSE = 5.0 equiv";"STABILISER";"";"8.7"
"CHEMBL6161658";"";"None";"356.38";"0";"0.53";"16";"CN(C)CCCNC(=O)c1ccc2[nH]c(=O)c3cc(=O)c(O)cn3c2c1";"Kd";"'='";"300.0";"nM";"6.52";"";"";"UO_0000065";"";"";"";"";"0";"CHEMBL6098803";"Binding affinity to Cy5-labeled c-Myc G4-quadruplex DNA (Cy5-TGAGGGTGGGTAGGGTGGGTAA-3') (unknown origin) assessed as equilibrium dissociation constant measured at 25 degC by microscale thermophoresis analysis";"B";"BAO_0000225";"nucleic acid format";"Not specified";"None";"None";"None";"None";"";"";"";"CHEMBL5209894";"Quadruplex DNA";"";"NUCLEIC-ACID";"CHEMBL6096674";"1";"Scientific Literature";"J Med Chem";"2025";"None";"";"STABILISER";"";"0.3"
"CHEMBL6161658";"";"None";"356.38";"0";"0.53";"16";"CN(C)CCCNC(=O)c1ccc2[nH]c(=O)c3cc(=O)c(O)cn3c2c1";"Kd";"'='";"1100.0";"nM";"5.96";"";"";"UO_0000065";"";"";"";"";"0";"CHEMBL6098805";"Binding affinity to Cy5-labeled c-Kit2 G4-quadruplex DNA (Cy5-CGGGCGGGCGCTAGGGAGGGT-3') (unknown origin) assessed as equilibrium dissociation constant measured at 25 degC by microscale thermophoresis analysis";"B";"BAO_0000225";"nucleic acid format";"Not specified";"None";"None";"None";"None";"";"";"";"CHEMBL5209894";"Quadruplex DNA";"";"NUCLEIC-ACID";"CHEMBL6096674";"1";"Scientific Literature";"J Med Chem";"2025";"None";"";"STABILISER";"";"1.1"
"CHEMBL6161658";"";"None";"356.38";"0";"0.53";"16";"CN(C)CCCNC(=O)c1ccc2[nH]c(=O)c3cc(=O)c(O)cn3c2c1";"Activity";"";"";"";"";"";"";"";"";"";"";"";"0";"CHEMBL6098811";"Binding affinity to c-Myc G4-quadruplex DNA (5'-TGAGGGTGGGTAGGGTGGGTAA-3') (unknown origin) assessed as perturbations of imino protons of G7,G11,G16,G20 within 5' G-tetrad at compound:G4 ratio of 2:1 by 1D 1H NMR analysis";"B";"BAO_0000225";"nucleic acid format";"Not specified";"None";"None";"None";"None";"";"";"";"CHEMBL5209894";"Quadruplex DNA";"";"NUCLEIC-ACID";"CHEMBL6096674";"1";"Scientific Literature";"J Med Chem";"2025";"None";"";"STABILISER";"Active";""
"CHEMBL6109011";"";"None";"606.55";"1";"9.03";"A3";"C[N+]1=C(/C=C/c2ccc(N(c3ccccc3)c3ccccc3)cc2)C(C)(C)c2c1ccc1ccccc21.[I-]";"Kd";"'='";"1100.0";"nM";"5.96";"";"";"UO_0000065";"";"";"";"";"0";"CHEMBL6074721";"Binding affinity to 3-terminal mt6363 DNA (unknown origin) assessed as dissociation constant by TAMRA-labeled G4 quenching assay";"B";"BAO_0000225";"nucleic acid format";"Not specified";"None";"None";"None";"None";"";"";"";"CHEMBL5209894";"Quadruplex DNA";"";"NUCLEIC-ACID";"CHEMBL6074620";"1";"Scientific Literature";"Eur J Med Chem";"2024";"None";"";"STABILISER";"";"1.1"
"CHEMBL6134545";"";"None";"556.49";"1";"7.88";"A2";"C[N+]1=C(/C=C/c2ccc(N(c3ccccc3)c3ccccc3)cc2)C(C)(C)c2ccccc21.[I-]";"Kd";"'='";"7300.0";"nM";"5.14";"";"";"UO_0000065";"";"";"";"";"0";"CHEMBL6074722";"Binding affinity to 5-terminal mt6363 DNA (unknown origin) assessed as dissociation constant by TAMRA-labeled G4 quenching assay";"B";"BAO_0000225";"nucleic acid format";"Not specified";"None";"None";"None";"None";"";"";"";"CHEMBL5209894";"Quadruplex DNA";"";"NUCLEIC-ACID";"CHEMBL6074620";"1";"Scientific Literature";"Eur J Med Chem";"2024";"None";"";"STABILISER";"";"7.3"
"CHEMBL6143470";"";"None";"616.54";"1";"7.89";"A5";"COc1ccc(N(c2ccc(/C=C/C3=[N+](C)c4ccccc4C3(C)C)cc2)c2ccc(OC)cc2)cc1.[I-]";"Kd";"'='";"4300.0";"nM";"5.37";"";"";"UO_0000065";"";"";"";"";"0";"CHEMBL6074722";"Binding affinity to 5-terminal mt6363 DNA (unknown origin) assessed as dissociation constant by TAMRA-labeled G4 quenching assay";"B";"BAO_0000225";"nucleic acid format";"Not specified";"None";"None";"None";"None";"";"";"";"CHEMBL5209894";"Quadruplex DNA";"";"NUCLEIC-ACID";"CHEMBL6074620";"1";"Scientific Literature";"Eur J Med Chem";"2024";"None";"";"STABILISER";"";"4.3"
"CHEMBL6120826";"";"None";"666.60";"2";"9.05";"A6";"COc1ccc(N(c2ccc(/C=C/C3=[N+](C)c4ccc5ccccc5c4C3(C)C)cc2)c2ccc(OC)cc2)cc1.[I-]";"Delta Tm";"'='";"28.5";"degrees C";"";"";"";"UO_0000027";"";"";"";"";"0";"CHEMBL6074726";"Stabilization of fluorescently labelled G4-quadruplex mt6363 DNA (unknown origin) assessed as effect on thermal stability of DNA structure by measuring change in melting temperature at 1 uM by FRET melting assay";"B";"BAO_0000225";"nucleic acid format";"Not specified";"None";"None";"None";"None";"";"";"";"CHEMBL5209894";"Quadruplex DNA";"";"NUCLEIC-ACID";"CHEMBL6074620";"1";"Scientific Literature";"Eur J Med Chem";"2024";"None";"DOSE = 1.0 microM";"STABILISER";"";"28.5"
"CHEMBL6143470";"";"None";"616.54";"1";"7.89";"A5";"COc1ccc(N(c2ccc(/C=C/C3=[N+](C)c4ccccc4C3(C)C)cc2)c2ccc(OC)cc2)cc1.[I-]";"Kd";"'='";"2100.0";"nM";"5.68";"";"";"UO_0000065";"";"";"";"";"0";"CHEMBL6074721";"Binding affinity to 3-terminal mt6363 DNA (unknown origin) assessed as dissociation constant by TAMRA-labeled G4 quenching assay";"B";"BAO_0000225";"nucleic acid format";"Not specified";"None";"None";"None";"None";"";"";"";"CHEMBL5209894";"Quadruplex DNA";"";"NUCLEIC-ACID";"CHEMBL6074620";"1";"Scientific Literature";"Eur J Med Chem";"2024";"None";"";"STABILISER";"";"2.1"
"CHEMBL6120826";"";"None";"666.60";"2";"9.05";"A6";"COc1ccc(N(c2ccc(/C=C/C3=[N+](C)c4ccc5ccccc5c4C3(C)C)cc2)c2ccc(OC)cc2)cc1.[I-]";"Kd";"'='";"1900.0";"nM";"5.72";"";"";"UO_0000065";"";"";"";"";"0";"CHEMBL6074721";"Binding affinity to 3-terminal mt6363 DNA (unknown origin) assessed as dissociation constant by TAMRA-labeled G4 quenching assay";"B";"BAO_0000225";"nucleic acid format";"Not specified";"None";"None";"None";"None";"";"";"";"CHEMBL5209894";"Quadruplex DNA";"";"NUCLEIC-ACID";"CHEMBL6074620";"1";"Scientific Literature";"Eur J Med Chem";"2024";"None";"";"STABILISER";"";"1.9"
"CHEMBL81";"RALOXIFENE";"4.0";"473.59";"1";"6.08";"Raloxifene";"O=C(c1ccc(OCCN2CCCCC2)cc1)c1c(-c2ccc(O)cc2)sc2cc(O)ccc12";"deltaTm1/2";"'='";"11.0";"degrees C";"";"";"";"UO_0000027";"";"";"";"";"0";"CHEMBL6154555";"Thermal stabilization of NRAS G4 quadruplex DNA (TGGGAGGGGCGGGTCTGGGT) (unknown origin) assessed as change in half-width of melting temperature incubated for 10 mins by circular dichroism analysis (Rvb = 61.6 +/- 0.1 degreeC)";"B";"BAO_0000225";"nucleic acid format";"Not specified";"None";"None";"None";"None";"";"";"";"CHEMBL5209894";"Quadruplex DNA";"";"NUCLEIC-ACID";"CHEMBL6153050";"1";"Scientific Literature";"Eur J Med Chem";"2025";"None";"TIME = 0.1667 hr";"STABILISER";"";"11.0"
"CHEMBL1800159";"RELUGOLIX";"4.0";"623.64";"2";"3.75";"Relugolix";"CONC(=O)Nc1ccc(-c2sc3c(c2CN(C)C)c(=O)n(-c2ccc(OC)nn2)c(=O)n3Cc2c(F)cccc2F)cc1";"deltaTm1/2";"'='";"9.8";"degrees C";"";"";"";"UO_0000027";"";"";"";"";"0";"CHEMBL6154555";"Thermal stabilization of NRAS G4 quadruplex DNA (TGGGAGGGGCGGGTCTGGGT) (unknown origin) assessed as change in half-width of melting temperature incubated for 10 mins by circular dichroism analysis (Rvb = 61.6 +/- 0.1 degreeC)";"B";"BAO_0000225";"nucleic acid format";"Not specified";"None";"None";"None";"None";"";"";"";"CHEMBL5209894";"Quadruplex DNA";"";"NUCLEIC-ACID";"CHEMBL6153050";"1";"Scientific Literature";"Eur J Med Chem";"2025";"None";"TIME = 0.1667 hr";"STABILISER";"";"9.8"
"CHEMBL1493";"FLAVOXATE";"4.0";"391.47";"0";"4.41";"Flavoxate";"Cc1c(-c2ccccc2)oc2c(C(=O)OCCN3CCCCC3)cccc2c1=O";"deltaTm1/2";"'='";"4.9";"degrees C";"";"";"";"UO_0000027";"";"";"";"";"0";"CHEMBL6154556";"Thermal stabilization of YY1 G4 quadruplex DNA (GGGGGAAAGGGTGGGCAAGGG) (unknown origin) assessed as change in half-width of melting temperature incubated for 10 mins by circular dichroism analysis (Rvb = 60.6 +/- 0.1 degreeC)";"B";"BAO_0000225";"nucleic acid format";"Not specified";"None";"None";"None";"None";"";"";"";"CHEMBL5209894";"Quadruplex DNA";"";"NUCLEIC-ACID";"CHEMBL6153050";"1";"Scientific Literature";"Eur J Med Chem";"2025";"None";"TIME = 0.1667 hr";"STABILISER";"";"4.9"
"CHEMBL7568";"QUINACRINE";"4.0";"399.97";"1";"5.97";"Quinacrine";"CCN(CC)CCCC(C)Nc1c2ccc(Cl)cc2nc2ccc(OC)cc12";"deltaTm1/2";"'>'";"20.0";"degrees C";"";"";"";"UO_0000027";"";"";"";"";"0";"CHEMBL6154556";"Thermal stabilization of YY1 G4 quadruplex DNA (GGGGGAAAGGGTGGGCAAGGG) (unknown origin) assessed as change in half-width of melting temperature incubated for 10 mins by circular dichroism analysis (Rvb = 60.6 +/- 0.1 degreeC)";"B";"BAO_0000225";"nucleic acid format";"Not specified";"None";"None";"None";"None";"";"";"";"CHEMBL5209894";"Quadruplex DNA";"";"NUCLEIC-ACID";"CHEMBL6153050";"1";"Scientific Literature";"Eur J Med Chem";"2025";"None";"TIME = 0.1667 hr";"";"";"20.0"
"CHEMBL2111084";"BELOTECAN";"3.0";"433.51";"0";"2.62";"Belotecan";"CC[C@@]1(O)C(=O)OCc2c1cc1n(c2=O)Cc2c-1nc1ccccc1c2CCNC(C)C";"deltaG";"'='";"-30.5";"kJ/mol";"";"";"";"";"";"";"";"";"0";"CHEMBL6154591";"Binding affinity to c-Myc G4 quadruplex DNA (TGAGGGTGGGTAGGGTGGGTAA) (unknown origin) assessed as Gibbs free energy by ITC analysis";"B";"BAO_0000225";"nucleic acid format";"Not specified";"None";"None";"None";"None";"";"";"";"CHEMBL5209894";"Quadruplex DNA";"";"NUCLEIC-ACID";"CHEMBL6153050";"1";"Scientific Literature";"Eur J Med Chem";"2025";"None";"";"STABILISER";"";"-30.5"
"CHEMBL481";"IRINOTECAN";"4.0";"586.69";"1";"4.09";"Irinotecan";"CCc1c2c(nc3ccc(OC(=O)N4CCC(N5CCCCC5)CC4)cc13)-c1cc3c(c(=O)n1C2)COC(=O)[C@]3(O)CC";"deltaH";"'='";"-7.8";"kJ/mol";"";"";"";"";"";"";"";"";"0";"CHEMBL6154593";"Binding affinity to c-Myc G4 quadruplex DNA (TGAGGGTGGGTAGGGTGGGTAA) (unknown origin) assessed as binding enthalpy by ITC analysis";"B";"BAO_0000225";"nucleic acid format";"Not specified";"None";"None";"None";"None";"";"";"";"CHEMBL5209894";"Quadruplex DNA";"";"NUCLEIC-ACID";"CHEMBL6153050";"1";"Scientific Literature";"Eur J Med Chem";"2025";"None";"";"STABILISER";"";"-7.8"
"CHEMBL2111084";"BELOTECAN";"3.0";"433.51";"0";"2.62";"Belotecan";"CC[C@@]1(O)C(=O)OCc2c1cc1n(c2=O)Cc2c-1nc1ccccc1c2CCNC(C)C";"deltaH";"'='";"-28.0";"kJ/mol";"";"";"";"";"";"";"";"";"0";"CHEMBL6154594";"Binding affinity to HER2 G4 quadruplex DNA (GGAGAAGGAGGAGGTGGAGGAGGAGGG) (unknown origin) assessed as binding enthalpy by ITC analysis";"B";"BAO_0000225";"nucleic acid format";"Not specified";"None";"None";"None";"None";"";"";"";"CHEMBL5209894";"Quadruplex DNA";"";"NUCLEIC-ACID";"CHEMBL6153050";"1";"Scientific Literature";"Eur J Med Chem";"2025";"None";"";"STABILISER";"";"-28.0"
"CHEMBL1493";"FLAVOXATE";"4.0";"391.47";"0";"4.41";"Flavoxate";"Cc1c(-c2ccccc2)oc2c(C(=O)OCCN3CCCCC3)cccc2c1=O";"deltaTm1/2";"'='";"9.8";"degrees C";"";"";"";"UO_0000027";"";"";"";"";"0";"CHEMBL6154555";"Thermal stabilization of NRAS G4 quadruplex DNA (TGGGAGGGGCGGGTCTGGGT) (unknown origin) assessed as change in half-width of melting temperature incubated for 10 mins by circular dichroism analysis (Rvb = 61.6 +/- 0.1 degreeC)";"B";"BAO_0000225";"nucleic acid format";"Not specified";"None";"None";"None";"None";"";"";"";"CHEMBL5209894";"Quadruplex DNA";"";"NUCLEIC-ACID";"CHEMBL6153050";"1";"Scientific Literature";"Eur J Med Chem";"2025";"None";"TIME = 0.1667 hr";"STABILISER";"";"9.8"
"CHEMBL6120826";"";"None";"666.60";"2";"9.05";"A6";"COc1ccc(N(c2ccc(/C=C/C3=[N+](C)c4ccc5ccccc5c4C3(C)C)cc2)c2ccc(OC)cc2)cc1.[I-]";"Tm";"'='";"46.2";"degrees C";"";"";"";"UO_0000027";"";"";"";"";"0";"CHEMBL6074772";"Binding affinity to G4-quadruplex mt6363 DNA (unknown origin) assessed as melting temperature at 10 uM incubated for 2 hrs by fluorescence based analysis";"B";"BAO_0000225";"nucleic acid format";"Not specified";"None";"None";"None";"None";"";"";"";"CHEMBL5209894";"Quadruplex DNA";"";"NUCLEIC-ACID";"CHEMBL6074620";"1";"Scientific Literature";"Eur J Med Chem";"2024";"None";"DOSE = 10.0 microM | TIME = 2.0 hr";"STABILISER";"";"46.2"
"CHEMBL6189317";"";"None";"392.42";"1";"5.59";"C3";"COc1cccc(-c2ccc(-c3nc4c5cccnc5c5ncccc5c4[nH]3)o2)c1";"Kd";"'='";"73.5";"nM";"7.13";"";"";"UO_0000065";"";"";"";"";"0";"CHEMBL6186796";"Binding affinity to c-MET G4-quadruplex DNA (unknown origin) assessed as dissociation constant by MST assay";"B";"BAO_0000225";"nucleic acid format";"Not specified";"None";"None";"None";"None";"";"";"";"CHEMBL5209894";"Quadruplex DNA";"";"NUCLEIC-ACID";"CHEMBL6182924";"1";"Scientific Literature";"J Med Chem";"2025";"None";"";"INHIBITOR";"";"73.5"
